reserve_18_open_HMI,MODBUS TCP/IP,4x,3101,Команда с HMI открыть
reserve_18_close_HMI,MODBUS TCP/IP,4x,3102,Команда с HMI закрыть
reserve_19_open_HMI,MODBUS TCP/IP,4x,3103,Команда с HMI открыть
reserve_19_close_HMI,MODBUS TCP/IP,4x,3104,Команда с HMI закрыть
reserve_20_open_HMI,MODBUS TCP/IP,4x,3105,Команда с HMI открыть
reserve_20_close_HMI,MODBUS TCP/IP,4x,3106,Команда с HMI закрыть
reserve_21_open_HMI,MODBUS TCP/IP,4x,3107,Команда с HMI открыть
reserve_21_close_HMI,MODBUS TCP/IP,4x,3108,Команда с HMI закрыть
reserve_22_open_HMI,MODBUS TCP/IP,4x,3109,Команда с HMI открыть
reserve_22_close_HMI,MODBUS TCP/IP,4x,3110,Команда с HMI закрыть
reserve_23_open_HMI,MODBUS TCP/IP,4x,3111,Команда с HMI открыть
reserve_23_close_HMI,MODBUS TCP/IP,4x,3112,Команда с HMI закрыть
reserve_24_open_HMI,MODBUS TCP/IP,4x,3113,Команда с HMI открыть
reserve_24_close_HMI,MODBUS TCP/IP,4x,3114,Команда с HMI закрыть
V_5kshv8_open_HMI,MODBUS TCP/IP,4x,3115,Команда с HMI открыть
V_5kshv8_close_HMI,MODBUS TCP/IP,4x,3116,Команда с HMI закрыть
V_5kshv9_open_HMI,MODBUS TCP/IP,4x,3117,Команда с HMI открыть
V_5kshv9_close_HMI,MODBUS TCP/IP,4x,3118,Команда с HMI закрыть
V_5kshv10_open_HMI,MODBUS TCP/IP,4x,3119,Команда с HMI открыть
V_5kshv10_close_HMI,MODBUS TCP/IP,4x,3120,Команда с HMI закрыть
V_5kshv11_open_HMI,MODBUS TCP/IP,4x,3121,Команда с HMI открыть
V_5kshv11_close_HMI,MODBUS TCP/IP,4x,3122,Команда с HMI закрыть
V_5kshv12_open_HMI,MODBUS TCP/IP,4x,3123,Команда с HMI открыть
V_5kshv12_close_HMI,MODBUS TCP/IP,4x,3124,Команда с HMI закрыть
V_5kshv13_open_HMI,MODBUS TCP/IP,4x,3125,Команда с HMI открыть
V_5kshv13_close_HMI,MODBUS TCP/IP,4x,3126,Команда с HMI закрыть
V_5kshv14_open_HMI,MODBUS TCP/IP,4x,3127,Команда с HMI открыть
V_5kshv14_close_HMI,MODBUS TCP/IP,4x,3128,Команда с HMI закрыть
V_5kshv15_open_HMI,MODBUS TCP/IP,4x,3129,Команда с HMI открыть
V_5kshv15_close_HMI,MODBUS TCP/IP,4x,3130,Команда с HMI закрыть
V_5kshv16_open_HMI,MODBUS TCP/IP,4x,3131,Команда с HMI открыть
V_5kshv16_close_HMI,MODBUS TCP/IP,4x,3132,Команда с HMI закрыть
V_5kshv17_open_HMI,MODBUS TCP/IP,4x,3133,Команда с HMI открыть
V_5kshv17_close_HMI,MODBUS TCP/IP,4x,3134,Команда с HMI закрыть
V_5kshv18_open_HMI,MODBUS TCP/IP,4x,3135,Команда с HMI открыть
V_5kshv18_close_HMI,MODBUS TCP/IP,4x,3136,Команда с HMI закрыть
V_5kshv19_open_HMI,MODBUS TCP/IP,4x,3137,Команда с HMI открыть
V_5kshv19_close_HMI,MODBUS TCP/IP,4x,3138,Команда с HMI закрыть
V_5kshv20_open_HMI,MODBUS TCP/IP,4x,3139,Команда с HMI открыть
V_5kshv20_close_HMI,MODBUS TCP/IP,4x,3140,Команда с HMI закрыть
V_5kshv21_open_HMI,MODBUS TCP/IP,4x,3141,Команда с HMI открыть
V_5kshv21_close_HMI,MODBUS TCP/IP,4x,3142,Команда с HMI закрыть
V_5kshv22_open_HMI,MODBUS TCP/IP,4x,3143,Команда с HMI открыть
V_5kshv22_close_HMI,MODBUS TCP/IP,4x,3144,Команда с HMI закрыть
V_5kshv23_open_HMI,MODBUS TCP/IP,4x,3145,Команда с HMI открыть
V_5kshv23_close_HMI,MODBUS TCP/IP,4x,3146,Команда с HMI закрыть
V_5kshv24_open_HMI,MODBUS TCP/IP,4x,3147,Команда с HMI открыть
V_5kshv24_close_HMI,MODBUS TCP/IP,4x,3148,Команда с HMI закрыть
V_5kshv25_open_HMI,MODBUS TCP/IP,4x,3149,Команда с HMI открыть
V_5kshv25_close_HMI,MODBUS TCP/IP,4x,3150,Команда с HMI закрыть
V_5kshv26_open_HMI,MODBUS TCP/IP,4x,3151,Команда с HMI открыть
V_5kshv26_close_HMI,MODBUS TCP/IP,4x,3152,Команда с HMI закрыть
V_5kshv27_open_HMI,MODBUS TCP/IP,4x,3153,Команда с HMI открыть
V_5kshv27_close_HMI,MODBUS TCP/IP,4x,3154,Команда с HMI закрыть
V_5kshv30_open_HMI,MODBUS TCP/IP,4x,3155,Команда с HMI открыть
V_5kshv30_close_HMI,MODBUS TCP/IP,4x,3156,Команда с HMI закрыть
V_5kshv31_open_HMI,MODBUS TCP/IP,4x,3157,Команда с HMI открыть
V_5kshv31_close_HMI,MODBUS TCP/IP,4x,3158,Команда с HMI закрыть
V_5kshv32_open_HMI,MODBUS TCP/IP,4x,3159,Команда с HMI открыть
V_5kshv32_close_HMI,MODBUS TCP/IP,4x,3160,Команда с HMI закрыть
V_5kshv33_open_HMI,MODBUS TCP/IP,4x,3161,Команда с HMI открыть
V_5kshv33_close_HMI,MODBUS TCP/IP,4x,3162,Команда с HMI закрыть
V_5kshv34_open_HMI,MODBUS TCP/IP,4x,3163,Команда с HMI открыть
V_5kshv34_close_HMI,MODBUS TCP/IP,4x,3164,Команда с HMI закрыть
V_5kshv35_open_HMI,MODBUS TCP/IP,4x,3165,Команда с HMI открыть
V_5kshv35_close_HMI,MODBUS TCP/IP,4x,3166,Команда с HMI закрыть
V_5kshv36_open_HMI,MODBUS TCP/IP,4x,3167,Команда с HMI открыть
V_5kshv36_close_HMI,MODBUS TCP/IP,4x,3168,Команда с HMI закрыть
V_5kshv37_open_HMI,MODBUS TCP/IP,4x,3169,Команда с HMI открыть
V_5kshv37_close_HMI,MODBUS TCP/IP,4x,3170,Команда с HMI закрыть
V_5kshv38_open_HMI,MODBUS TCP/IP,4x,3171,Команда с HMI открыть
V_5kshv38_close_HMI,MODBUS TCP/IP,4x,3172,Команда с HMI закрыть
V_5kshv39_open_HMI,MODBUS TCP/IP,4x,3173,Команда с HMI открыть
V_5kshv39_close_HMI,MODBUS TCP/IP,4x,3174,Команда с HMI закрыть
reserve_10_open_HMI,MODBUS TCP/IP,4x,3175,Команда с HMI открыть
reserve_10_close_HMI,MODBUS TCP/IP,4x,3176,Команда с HMI закрыть
reserve_11_open_HMI,MODBUS TCP/IP,4x,3177,Команда с HMI открыть
reserve_11_close_HMI,MODBUS TCP/IP,4x,3178,Команда с HMI закрыть
reserve_12_open_HMI,MODBUS TCP/IP,4x,3179,Команда с HMI открыть
reserve_12_close_HMI,MODBUS TCP/IP,4x,3180,Команда с HMI закрыть
reserve_13_open_HMI,MODBUS TCP/IP,4x,3181,Команда с HMI открыть
reserve_13_close_HMI,MODBUS TCP/IP,4x,3182,Команда с HMI закрыть
reserve_14_open_HMI,MODBUS TCP/IP,4x,3183,Команда с HMI открыть
reserve_14_close_HMI,MODBUS TCP/IP,4x,3184,Команда с HMI закрыть
reserve_15_open_HMI,MODBUS TCP/IP,4x,3185,Команда с HMI открыть
reserve_15_close_HMI,MODBUS TCP/IP,4x,3186,Команда с HMI закрыть
reserve_16_open_HMI,MODBUS TCP/IP,4x,3187,Команда с HMI открыть
reserve_16_close_HMI,MODBUS TCP/IP,4x,3188,Команда с HMI закрыть
reserve_17_open_HMI,MODBUS TCP/IP,4x,3189,Команда с HMI открыть
reserve_17_close_HMI,MODBUS TCP/IP,4x,3190,Команда с HMI закрыть
,,,,
,,,,
,,,,
,,,,
,,,,
,,,,
,,,,
,,,,
,,,,
,,,,
,,,,
,,,,
,,,,
,,,,
,,,,
,,,,
,,,,
,,,,
,,,,
,,,,
,,,,
,,,,
,,,,
,,,,
,,,,
,,,,
,,,,
,,,,
,,,,
,,,,
,,,,
,,,,
,,,,
,,,,
,,,,
,,,,
,,,,
,,,,
,,,,
,,,,
,,,,
,,,,
,,,,
,,,,
,,,,
,,,,
,,,,
,,,,
,,,,
,,,,
,,,,
,,,,
,,,,
,,,,
,,,,
,,,,
,,,,
,,,,
,,,,
,,,,
,,,,
,,,,
,,,,
,,,,
,,,,
,,,,
,,,,
,,,,
,,,,
,,,,
,,,,
,,,,
,,,,
,,,,
,,,,
,,,,
,,,,
,,,,
,,,,
,,,,
,,,,
,,,,
,,,,
,,,,
,,,,
,,,,
,,,,
,,,,
,,,,
,,,,
,,,,
,,,,
,,,,
,,,,
,,,,
,,,,
,,,,
,,,,
,,,,
,,,,
,,,,
,,,,
,,,,
,,,,
,,,,
,,,,
,,,,
,,,,
,,,,
,,,,
,,,,
,,,,
,,,,
,,,,
,,,,
,,,,
,,,,
,,,,
,,,,
,,,,
,,,,
,,,,
,,,,
,,,,
,,,,
,,,,
,,,,
,,,,
,,,,
,,,,
,,,,
,,,,
,,,,
,,,,
,,,,
,,,,
,,,,
,,,,
,,,,
,,,,
,,,,
,,,,
,,,,
,,,,
,,,,
,,,,
,,,,
,,,,
,,,,
,,,,
,,,,
,,,,
,,,,
,,,,
,,,,
,,,,
,,,,
,,,,
,,,,
,,,,
,,,,
,,,,
,,,,
,,,,
,,,,
,,,,
,,,,
,,,,
,,,,
,,,,
,,,,
,,,,
,,,,
,,,,
,,,,
,,,,
,,,,
,,,,
,,,,
,,,,
,,,,
,,,,
,,,,
,,,,
,,,,
,,,,
,,,,
,,,,
,,,,
,,,,
,,,,
,,,,
,,,,
,,,,
,,,,
,,,,
,,,,
,,,,
,,,,
,,,,
,,,,
,,,,
,,,,
,,,,
,,,,
,,,,
,,,,
,,,,
,,,,
,,,,
,,,,
,,,,
,,,,
,,,,
,,,,
,,,,
,,,,
,,,,
,,,,
,,,,
,,,,
,,,,
,,,,
,,,,
,,,,
,,,,
,,,,
,,,,
,,,,
,,,,
,,,,
,,,,
,,,,
,,,,
,,,,
,,,,
,,,,
,,,,
,,,,
,,,,
,,,,
,,,,
,,,,
,,,,
,,,,
,,,,
,,,,
,,,,
,,,,
,,,,
,,,,
,,,,
,,,,
,,,,
,,,,
,,,,
,,,,
,,,,
,,,,
,,,,
,,,,
,,,,
,,,,
,,,,
,,,,
,,,,
,,,,
,,,,
,,,,
,,,,
,,,,
,,,,
,,,,
,,,,
,,,,
,,,,
,,,,
,,,,
,,,,
,,,,
,,,,
,,,,
,,,,
,,,,
,,,,
,,,,
,,,,
,,,,
,,,,
,,,,
,,,,
,,,,
,,,,
,,,,
,,,,
,,,,
,,,,
,,,,
,,,,
,,,,
,,,,
,,,,
,,,,
,,,,
,,,,
,,,,
,,,,
,,,,
,,,,
,,,,
,,,,
,,,,
,,,,
,,,,
,,,,
,,,,
,,,,
,,,,
,,,,
,,,,
,,,,
,,,,
,,,,
,,,,
,,,,
,,,,
,,,,
,,,,
,,,,
,,,,
,,,,
,,,,
,,,,
,,,,
,,,,
,,,,
,,,,
,,,,
,,,,
,,,,
,,,,
,,,,
,,,,
,,,,
,,,,
,,,,
,,,,
,,,,
,,,,
,,,,
,,,,
,,,,
,,,,
,,,,
,,,,
,,,,
,,,,
,,,,
,,,,
,,,,
,,,,
,,,,
,,,,
,,,,
,,,,
,,,,
,,,,
,,,,
,,,,
,,,,
,,,,
,,,,
,,,,
,,,,
,,,,
,,,,
,,,,
,,,,
,,,,
,,,,
,,,,
,,,,
,,,,
,,,,
,,,,
,,,,
,,,,
,,,,
,,,,
,,,,
,,,,
,,,,
,,,,
,,,,
,,,,
,,,,
,,,,
,,,,
,,,,
,,,,
,,,,
,,,,
,,,,
,,,,
,,,,
,,,,
,,,,
,,,,
,,,,
,,,,
,,,,
,,,,
,,,,
,,,,
,,,,
,,,,
,,,,
,,,,
,,,,
,,,,
,,,,
,,,,
,,,,
,,,,
,,,,
,,,,
,,,,
,,,,
,,,,
,,,,
,,,,
,,,,
,,,,
,,,,
,,,,
,,,,
,,,,
,,,,
,,,,
,,,,
,,,,
,,,,
,,,,
,,,,
,,,,
,,,,
,,,,
,,,,
,,,,
,,,,
,,,,
,,,,
,,,,
,,,,
,,,,
,,,,
,,,,
,,,,
,,,,
,,,,
,,,,
,,,,
,,,,
,,,,
,,,,
,,,,
,,,,
,,,,
,,,,
,,,,
,,,,
,,,,
,,,,
,,,,
,,,,
,,,,
,,,,
,,,,
,,,,
,,,,
,,,,
,,,,
,,,,
,,,,
,,,,
,,,,
,,,,
,,,,
,,,,
,,,,
,,,,
,,,,
,,,,
,,,,
,,,,
,,,,
,,,,
,,,,
,,,,
,,,,
,,,,
,,,,
,,,,
,,,,
,,,,
,,,,
,,,,
,,,,
,,,,
,,,,
,,,,
,,,,
,,,,
,,,,
,,,,
,,,,
,,,,
,,,,
,,,,
,,,,
,,,,
,,,,
,,,,
,,,,
,,,,
,,,,
,,,,
,,,,
,,,,
,,,,
,,,,
,,,,
,,,,
,,,,
,,,,
,,,,
,,,,
,,,,
,,,,
,,,,
,,,,
,,,,
,,,,
,,,,
,,,,
,,,,
,,,,
,,,,
,,,,
,,,,
,,,,
,,,,
,,,,
,,,,
,,,,
,,,,
,,,,
,,,,
,,,,
,,,,
,,,,
,,,,
,,,,
,,,,
,,,,
,,,,
,,,,
,,,,
,,,,
,,,,
,,,,
,,,,
,,,,
,,,,
,,,,
,,,,
,,,,
,,,,
,,,,
,,,,
,,,,
,,,,
,,,,
,,,,
,,,,
,,,,
,,,,
,,,,
,,,,
,,,,
,,,,
,,,,
,,,,
,,,,
,,,,
,,,,
,,,,
,,,,
,,,,
,,,,
,,,,
,,,,
,,,,
,,,,
,,,,
,,,,
,,,,
,,,,
,,,,
,,,,
,,,,
,,,,
,,,,
,,,,
,,,,
,,,,
,,,,
,,,,
,,,,
,,,,
,,,,
,,,,
,,,,
,,,,
,,,,
,,,,
,,,,
,,,,
,,,,
,,,,
,,,,
,,,,
,,,,
,,,,
,,,,
,,,,
,,,,
,,,,
,,,,
,,,,
,,,,
,,,,
,,,,
,,,,
,,,,
,,,,
,,,,
,,,,
,,,,
,,,,
,,,,
,,,,
,,,,
,,,,
,,,,
,,,,
,,,,
,,,,
,,,,
,,,,
,,,,
,,,,
,,,,
,,,,
,,,,
,,,,
,,,,
,,,,
,,,,
,,,,
,,,,
,,,,
,,,,
,,,,
,,,,
,,,,
,,,,
,,,,
,,,,
,,,,
,,,,
,,,,
,,,,
,,,,
,,,,
,,,,
,,,,
,,,,
,,,,
,,,,
,,,,
,,,,
,,,,
,,,,
,,,,
,,,,
,,,,
,,,,
,,,,
,,,,
,,,,
,,,,
,,,,
,,,,
,,,,
,,,,
,,,,
,,,,
,,,,
,,,,
,,,,
,,,,
,,,,
,,,,
,,,,
,,,,
,,,,
,,,,
,,,,
,,,,
,,,,
,,,,
,,,,
,,,,
,,,,
,,,,
,,,,
,,,,
,,,,
,,,,
,,,,
,,,,
,,,,
,,,,
,,,,
,,,,
,,,,
,,,,
,,,,
,,,,
,,,,
,,,,
,,,,
,,,,
,,,,
,,,,
,,,,
,,,,
,,,,
,,,,
,,,,
,,,,
,,,,
,,,,
,,,,
,,,,
,,,,
,,,,
,,,,
,,,,
,,,,
,,,,
,,,,
,,,,
,,,,
,,,,
,,,,
,,,,
,,,,
,,,,
,,,,
,,,,
,,,,
,,,,
,,,,
,,,,
,,,,
,,,,
,,,,
,,,,
,,,,
,,,,
,,,,
,,,,
,,,,
,,,,
,,,,
,,,,
,,,,
,,,,
,,,,
,,,,
,,,,
,,,,
,,,,
,,,,
,,,,
,,,,
,,,,
,,,,
,,,,
,,,,
,,,,
,,,,
,,,,
,,,,
,,,,
,,,,
,,,,
,,,,
,,,,
,,,,
,,,,
,,,,
,,,,
,,,,
,,,,
,,,,
,,,,
,,,,
,,,,
,,,,
,,,,
,,,,
,,,,
,,,,
,,,,
,,,,
,,,,
,,,,
,,,,
,,,,
,,,,
,,,,
,,,,
,,,,
,,,,
,,,,
,,,,
,,,,
,,,,
,,,,
,,,,
,,,,
,,,,
,,,,
,,,,
,,,,
,,,,
,,,,
,,,,
,,,,
,,,,
,,,,
,,,,
,,,,
,,,,
,,,,
,,,,
,,,,
,,,,
,,,,
,,,,
,,,,
,,,,
,,,,
,,,,
,,,,
,,,,
,,,,
,,,,
,,,,
,,,,
,,,,
,,,,
,,,,
,,,,
,,,,
,,,,
,,,,
,,,,
,,,,
,,,,
,,,,
,,,,
,,,,
,,,,
,,,,
,,,,
,,,,
,,,,
,,,,
,,,,
,,,,
,,,,
,,,,
,,,,
,,,,
,,,,
,,,,
,,,,
,,,,
,,,,
,,,,
,,,,
,,,,
,,,,
,,,,
,,,,
,,,,
,,LT_5L1_YMIN,0,
,,LT_5L1_YMAX,4,
,,LT_5L1_BREAK_TLD,8,
,,LT_5L1_TF,12,
,,LT_5L1_AH,16,
,,LT_5L1_WH,20,
,,LT_5L1_WL,24,
,,LT_5L1_AL,28,
,,LT_5L1_MAN_ON,32,
,,LT_5L1_MAN_VALUE,36,
,,LZT_5L10_1_YMIN,40,
,,LZT_5L10_1_YMAX,44,
,,LZT_5L10_1_BREAK_TLD,48,
,,LZT_5L10_1_TF,52,
,,LZT_5L10_1_AH,56,
,,LZT_5L10_1_WH,60,
,,LZT_5L10_1_WL,64,
,,LZT_5L10_1_AL,68,
,,LZT_5L10_1_MAN_ON,72,
,,LZT_5L10_1_MAN_VALUE,76,
,,LZT_5L10_2_YMIN,80,
,,LZT_5L10_2_YMAX,84,
,,LZT_5L10_2_BREAK_TLD,88,
,,LZT_5L10_2_TF,92,
,,LZT_5L10_2_AH,96,
,,LZT_5L10_2_WH,100,
,,LZT_5L10_2_WL,104,
,,LZT_5L10_2_AL,108,
,,LZT_5L10_2_MAN_ON,112,
,,LZT_5L10_2_MAN_VALUE,116,
,,TZT_5T10_1_YMIN,120,
,,TZT_5T10_1_YMAX,124,
,,TZT_5T10_1_BREAK_TLD,128,
,,TZT_5T10_1_TF,132,
,,TZT_5T10_1_AH,136,
,,TZT_5T10_1_WH,140,
,,TZT_5T10_1_WL,144,
,,TZT_5T10_1_AL,148,
,,TZT_5T10_1_MAN_ON,152,
,,TZT_5T10_1_MAN_VALUE,156,
,,TZT_5T10_2_YMIN,160,
,,TZT_5T10_2_YMAX,164,
,,TZT_5T10_2_BREAK_TLD,168,
,,TZT_5T10_2_TF,172,
,,TZT_5T10_2_AH,176,
,,TZT_5T10_2_WH,180,
,,TZT_5T10_2_WL,184,
,,TZT_5T10_2_AL,188,
,,TZT_5T10_2_MAN_ON,192,
,,TZT_5T10_2_MAN_VALUE,196,
,,PZT_5P12_1_YMIN,200,
,,PZT_5P12_1_YMAX,204,
,,PZT_5P12_1_BREAK_TLD,208,
,,PZT_5P12_1_TF,212,
,,PZT_5P12_1_AH,216,
,,PZT_5P12_1_WH,220,
,,PZT_5P12_1_WL,224,
,,PZT_5P12_1_AL,228,
,,PZT_5P12_1_MAN_ON,232,
,,PZT_5P12_1_MAN_VALUE,236,
,,PZT_5P12_2_YMIN,240,
,,PZT_5P12_2_YMAX,244,
,,PZT_5P12_2_BREAK_TLD,248,
,,PZT_5P12_2_TF,252,
,,PZT_5P12_2_AH,256,
,,PZT_5P12_2_WH,260,
,,PZT_5P12_2_WL,264,
,,PZT_5P12_2_AL,268,
,,PZT_5P12_2_MAN_ON,272,
,,PZT_5P12_2_MAN_VALUE,276,
,,LZT_5L11_1_YMIN,280,
,,LZT_5L11_1_YMAX,284,
,,LZT_5L11_1_BREAK_TLD,288,
,,LZT_5L11_1_TF,292,
,,LZT_5L11_1_AH,296,
,,LZT_5L11_1_WH,300,
,,LZT_5L11_1_WL,304,
,,LZT_5L11_1_AL,308,
,,LZT_5L11_1_MAN_ON,312,
,,LZT_5L11_1_MAN_VALUE,316,
,,LZT_5L11_2_YMIN,320,
,,LZT_5L11_2_YMAX,324,
,,LZT_5L11_2_BREAK_TLD,328,
,,LZT_5L11_2_TF,332,
,,LZT_5L11_2_AH,336,
,,LZT_5L11_2_WH,340,
,,LZT_5L11_2_WL,344,
,,LZT_5L11_2_AL,348,
,,LZT_5L11_2_MAN_ON,352,
,,LZT_5L11_2_MAN_VALUE,356,
,,TZT_5T11_1_YMIN,360,
,,TZT_5T11_1_YMAX,364,
,,TZT_5T11_1_BREAK_TLD,368,
,,TZT_5T11_1_TF,372,
,,TZT_5T11_1_AH,376,
,,TZT_5T11_1_WH,380,
,,TZT_5T11_1_WL,384,
,,TZT_5T11_1_AL,388,
,,TZT_5T11_1_MAN_ON,392,
,,TZT_5T11_1_MAN_VALUE,396,
,,TZT_5T11_2_YMIN,400,
,,TZT_5T11_2_YMAX,404,
,,TZT_5T11_2_BREAK_TLD,408,
,,TZT_5T11_2_TF,412,
,,TZT_5T11_2_AH,416,
,,TZT_5T11_2_WH,420,
,,TZT_5T11_2_WL,424,
,,TZT_5T11_2_AL,428,
,,TZT_5T11_2_MAN_ON,432,
,,TZT_5T11_2_MAN_VALUE,436,
,,PZT_5P13_1_YMIN,440,
,,PZT_5P13_1_YMAX,444,
,,PZT_5P13_1_BREAK_TLD,448,
,,PZT_5P13_1_TF,452,
,,PZT_5P13_1_AH,456,
,,PZT_5P13_1_WH,460,
,,PZT_5P13_1_WL,464,
,,PZT_5P13_1_AL,468,
,,PZT_5P13_1_MAN_ON,472,
,,PZT_5P13_1_MAN_VALUE,476,
,,PZT_5P13_2_YMIN,480,
,,PZT_5P13_2_YMAX,484,
,,PZT_5P13_2_BREAK_TLD,488,
,,PZT_5P13_2_TF,492,
,,PZT_5P13_2_AH,496,
,,PZT_5P13_2_WH,500,
,,PZT_5P13_2_WL,504,
,,PZT_5P13_2_AL,508,
,,PZT_5P13_2_MAN_ON,512,
,,PZT_5P13_2_MAN_VALUE,516,
,,LZT_5L12_1_YMIN,520,
,,LZT_5L12_1_YMAX,524,
,,LZT_5L12_1_BREAK_TLD,528,
,,LZT_5L12_1_TF,532,
,,LZT_5L12_1_AH,536,
,,LZT_5L12_1_WH,540,
,,LZT_5L12_1_WL,544,
,,LZT_5L12_1_AL,548,
,,LZT_5L12_1_MAN_ON,552,
,,LZT_5L12_1_MAN_VALUE,556,
,,LZT_5L12_2_YMIN,560,
,,LZT_5L12_2_YMAX,564,
,,LZT_5L12_2_BREAK_TLD,568,
,,LZT_5L12_2_TF,572,
,,LZT_5L12_2_AH,576,
,,LZT_5L12_2_WH,580,
,,LZT_5L12_2_WL,584,
,,LZT_5L12_2_AL,588,
,,LZT_5L12_2_MAN_ON,592,
,,LZT_5L12_2_MAN_VALUE,596,
,,TZT_5T12_1_YMIN,600,
,,TZT_5T12_1_YMAX,604,
,,TZT_5T12_1_BREAK_TLD,608,
,,TZT_5T12_1_TF,612,
,,TZT_5T12_1_AH,616,
,,TZT_5T12_1_WH,620,
,,TZT_5T12_1_WL,624,
,,TZT_5T12_1_AL,628,
,,TZT_5T12_1_MAN_ON,632,
,,TZT_5T12_1_MAN_VALUE,636,
,,TZT_5T12_2_YMIN,640,
,,TZT_5T12_2_YMAX,644,
,,TZT_5T12_2_BREAK_TLD,648,
,,TZT_5T12_2_TF,652,
,,TZT_5T12_2_AH,656,
,,TZT_5T12_2_WH,660,
,,TZT_5T12_2_WL,664,
,,TZT_5T12_2_AL,668,
,,TZT_5T12_2_MAN_ON,672,
,,TZT_5T12_2_MAN_VALUE,676,
,,PZT_5P14_1_YMIN,680,
,,PZT_5P14_1_YMAX,684,
,,PZT_5P14_1_BREAK_TLD,688,
,,PZT_5P14_1_TF,692,
,,PZT_5P14_1_AH,696,
,,PZT_5P14_1_WH,700,
,,PZT_5P14_1_WL,704,
,,PZT_5P14_1_AL,708,
,,PZT_5P14_1_MAN_ON,712,
,,PZT_5P14_1_MAN_VALUE,716,
,,PZT_5P14_2_YMIN,720,
,,PZT_5P14_2_YMAX,724,
,,PZT_5P14_2_BREAK_TLD,728,
,,PZT_5P14_2_TF,732,
,,PZT_5P14_2_AH,736,
,,PZT_5P14_2_WH,740,
,,PZT_5P14_2_WL,744,
,,PZT_5P14_2_AL,748,
,,PZT_5P14_2_MAN_ON,752,
,,PZT_5P14_2_MAN_VALUE,756,
,,LZT_5L13_1_YMIN,760,
,,LZT_5L13_1_YMAX,764,
,,LZT_5L13_1_BREAK_TLD,768,
,,LZT_5L13_1_TF,772,
,,LZT_5L13_1_AH,776,
,,LZT_5L13_1_WH,780,
,,LZT_5L13_1_WL,784,
,,LZT_5L13_1_AL,788,
,,LZT_5L13_1_MAN_ON,792,
,,LZT_5L13_1_MAN_VALUE,796,
,,LZT_5L13_2_YMIN,800,
,,LZT_5L13_2_YMAX,804,
,,LZT_5L13_2_BREAK_TLD,808,
,,LZT_5L13_2_TF,812,
,,LZT_5L13_2_AH,816,
,,LZT_5L13_2_WH,820,
,,LZT_5L13_2_WL,824,
,,LZT_5L13_2_AL,828,
,,LZT_5L13_2_MAN_ON,832,
,,LZT_5L13_2_MAN_VALUE,836,
,,TZT_5T13_1_YMIN,840,
,,TZT_5T13_1_YMAX,844,
,,TZT_5T13_1_BREAK_TLD,848,
,,TZT_5T13_1_TF,852,
,,TZT_5T13_1_AH,856,
,,TZT_5T13_1_WH,860,
,,TZT_5T13_1_WL,864,
,,TZT_5T13_1_AL,868,
,,TZT_5T13_1_MAN_ON,872,
,,TZT_5T13_1_MAN_VALUE,876,
,,TZT_5T13_2_YMIN,880,
,,TZT_5T13_2_YMAX,884,
,,TZT_5T13_2_BREAK_TLD,888,
,,TZT_5T13_2_TF,892,
,,TZT_5T13_2_AH,896,
,,TZT_5T13_2_WH,900,
,,TZT_5T13_2_WL,904,
,,TZT_5T13_2_AL,908,
,,TZT_5T13_2_MAN_ON,912,
,,TZT_5T13_2_MAN_VALUE,916,
,,PZT_5P15_1_YMIN,920,
,,PZT_5P15_1_YMAX,924,
,,PZT_5P15_1_BREAK_TLD,928,
,,PZT_5P15_1_TF,932,
,,PZT_5P15_1_AH,936,
,,PZT_5P15_1_WH,940,
,,PZT_5P15_1_WL,944,
,,PZT_5P15_1_AL,948,
,,PZT_5P15_1_MAN_ON,952,
,,PZT_5P15_1_MAN_VALUE,956,
,,PZT_5P15_2_YMIN,960,
,,PZT_5P15_2_YMAX,964,
,,PZT_5P15_2_BREAK_TLD,968,
,,PZT_5P15_2_TF,972,
,,PZT_5P15_2_AH,976,
,,PZT_5P15_2_WH,980,
,,PZT_5P15_2_WL,984,
,,PZT_5P15_2_AL,988,
,,PZT_5P15_2_MAN_ON,992,
,,PZT_5P15_2_MAN_VALUE,996,
,,LT_5L2_YMIN,1000,
,,LT_5L2_YMAX,1004,
,,LT_5L2_BREAK_TLD,1008,
,,LT_5L2_TF,1012,
,,LT_5L2_AH,1016,
,,LT_5L2_WH,1020,
,,LT_5L2_WL,1024,
,,LT_5L2_AL,1028,
,,LT_5L2_MAN_ON,1032,
,,LT_5L2_MAN_VALUE,1036,
,,LT_5L3_YMIN,1040,
,,LT_5L3_YMAX,1044,
,,LT_5L3_BREAK_TLD,1048,
,,LT_5L3_TF,1052,
,,LT_5L3_AH,1056,
,,LT_5L3_WH,1060,
,,LT_5L3_WL,1064,
,,LT_5L3_AL,1068,
,,LT_5L3_MAN_ON,1072,
,,LT_5L3_MAN_VALUE,1076,
,,LT_5L4_YMIN,1080,
,,LT_5L4_YMAX,1084,
,,LT_5L4_BREAK_TLD,1088,
,,LT_5L4_TF,1092,
,,LT_5L4_AH,1096,
,,LT_5L4_WH,1100,
,,LT_5L4_WL,1104,
,,LT_5L4_AL,1108,
,,LT_5L4_MAN_ON,1112,
,,LT_5L4_MAN_VALUE,1116,
,,PZT_5P10_1_YMIN,1120,
,,PZT_5P10_1_YMAX,1124,
,,PZT_5P10_1_BREAK_TLD,1128,
,,PZT_5P10_1_TF,1132,
,,PZT_5P10_1_AH,1136,
,,PZT_5P10_1_WH,1140,
,,PZT_5P10_1_WL,1144,
,,PZT_5P10_1_AL,1148,
,,PZT_5P10_1_MAN_ON,1152,
,,PZT_5P10_1_MAN_VALUE,1156,
,,PZT_5P10_2_YMIN,1160,
,,PZT_5P10_2_YMAX,1164,
,,PZT_5P10_2_BREAK_TLD,1168,
,,PZT_5P10_2_TF,1172,
,,PZT_5P10_2_AH,1176,
,,PZT_5P10_2_WH,1180,
,,PZT_5P10_2_WL,1184,
,,PZT_5P10_2_AL,1188,
,,PZT_5P10_2_MAN_ON,1192,
,,PZT_5P10_2_MAN_VALUE,1196,
,,PZT_5P11_1_YMIN,1200,
,,PZT_5P11_1_YMAX,1204,
,,PZT_5P11_1_BREAK_TLD,1208,
,,PZT_5P11_1_TF,1212,
,,PZT_5P11_1_AH,1216,
,,PZT_5P11_1_WH,1220,
,,PZT_5P11_1_WL,1224,
,,PZT_5P11_1_AL,1228,
,,PZT_5P11_1_MAN_ON,1232,
,,PZT_5P11_1_MAN_VALUE,1236,
,,PZT_5P11_2_YMIN,1240,
,,PZT_5P11_2_YMAX,1244,
,,PZT_5P11_2_BREAK_TLD,1248,
,,PZT_5P11_2_TF,1252,
,,PZT_5P11_2_AH,1256,
,,PZT_5P11_2_WH,1260,
,,PZT_5P11_2_WL,1264,
,,PZT_5P11_2_AL,1268,
,,PZT_5P11_2_MAN_ON,1272,
,,PZT_5P11_2_MAN_VALUE,1276,
