id,Секция,Кабель,Проводник,Клеммник
1,4,LZT-5L10/1-К,LZT-5L10/1-К-1,ХТ3:1
2,,,LZT-5L10/1-К-2,ХТ3:2
3,,,РЕ,ХТ3:3
4,4,LZT-5L10/2-К,LZT-5L10/2-К-1,ХТ3:5
5,,,LZT-5L10/2-К-2,ХТ3:6
6,,,РЕ,ХТ3:7
7,4,TZT-5T10/1-К,TZT-5T10/1-К-1,ХТ3:9
8,,,TZT-5T10/1-К-2,ХТ3:10
9,,,РЕ,ХТ3:11
10,4,TZT-5T10/2-К,TZT-5T10/2-К-1,ХТ3:13
11,,,TZT-5T10/2-К-2,ХТ3:14
12,,,РЕ,ХТ3:15
13,4,PZT-5P12/1-К,PZT-5P12/1-К-1,ХТ3:17
14,,,PZT-5P12/1-К-2,ХТ3:18
15,,,РЕ,ХТ3:19
16,4,PZT-5P12/2-К,PZT-5P12/2-К-1,ХТ3:21
17,,,PZT-5P12/2-К-2,ХТ3:22
18,,,РЕ,ХТ3:23
19,4,LZT-5L11/1-К,LZT-5L11/1-К-1,ХТ3:25
20,,,LZT-5L11/1-К-2,ХТ3:26
21,,,РЕ,ХТ3:27
22,4,LZT-5L11/2-К,LZT-5L11/2-К-1,ХТ3:29
23,,,LZT-5L11/2-К-2,ХТ3:30
24,,,РЕ,ХТ3:31
25,4,TZT-5T11/1-К,TZT-5T11/1-К-1,ХТ4:1
26,,,TZT-5T11/1-К-2,ХТ4:2
27,,,РЕ,ХТ4:3
28,4,TZT-5T11/2-К,TZT-5T11/2-К-1,ХТ4:5
29,,,TZT-5T11/2-К-2,ХТ4:6
30,,,РЕ,ХТ4:7
31,4,PZT-5P13/1-К,PZT-5P13/1-К-1,ХТ4:9
32,,,PZT-5P13/1-К-2,ХТ4:10
33,,,РЕ,ХТ4:11
34,4,PZT-5P13/2-К,PZT-5P13/2-К-1,ХТ4:13
35,,,PZT-5P13/2-К-2,ХТ4:14
36,,,РЕ,ХТ4:15
37,4,LZT-5L12/1-К,LZT-5L12/1-К-1,ХТ4:17
38,,,LZT-5L12/1-К-2,ХТ4:18
39,,,РЕ,ХТ4:19
40,4,LZT-5L12/2-К,LZT-5L12/2-К-1,ХТ4:21
41,,,LZT-5L12/2-К-2,ХТ4:22
42,,,РЕ,ХТ4:23
43,4,TZT-5T12/1-К,TZT-5T12/1-К-1,ХТ4:25
44,,,TZT-5T12/1-К-2,ХТ4:26
45,,,РЕ,ХТ4:27
46,4,TZT-5T12/2-К,TZT-5T12/2-К-1,ХТ4:29
47,,,TZT-5T12/2-К-2,ХТ4:30
48,,,РЕ,ХТ4:31
49,4,PZT-5P14/1-К,PZT-5P14/1-К-1,ХТ5:1
50,,,PZT-5P14/1-К-2,ХТ5:2
51,,,РЕ,ХТ5:3
52,4,PZT-5P14/2-К,PZT-5P14/2-К-1,ХТ5:5
53,,,PZT-5P14/2-К-2,ХТ5:6
54,,,РЕ,ХТ5:7
55,4,LZT-5L13/1-К,LZT-5L13/1-К-1,ХТ5:9
56,,,LZT-5L13/1-К-2,ХТ5:10
57,,,РЕ,ХТ5:11
58,4,LZT-5L13/2-К,LZT-5L13/2-К-1,ХТ5:13
59,,,LZT-5L13/2-К-2,ХТ5:14
60,,,РЕ,ХТ5:15
61,4,TZT-5T13/1-К,TZT-5T13/1-К-1,ХТ5:17
62,,,TZT-5T13/1-К-2,ХТ5:18
63,,,РЕ,ХТ5:19
64,4,TZT-5T13/2-К,TZT-5T13/2-К-1,ХТ5:21
65,,,TZT-5T13/2-К-2,ХТ5:22
66,,,РЕ,ХТ5:23
67,4,PZT-5P15/1-К,PZT-5P15/1-К-1,ХТ5:25
68,,,PZT-5P15/1-К-2,ХТ5:26
69,,,РЕ,ХТ5:27
70,4,PZT-5P15/2-К,PZT-5P15/2-К-1,ХТ5:29
71,,,PZT-5P15/2-К-2,ХТ5:30
72,,,РЕ,ХТ5:31
73,4,LT-5L1-К,LT-5L1-К-1,ХТ6:1
74,,,LT-5L1-К-2,ХТ6:2
75,,,РЕ,ХТ6:3
76,4,LT-5L2-К,LT-5L2-К-1,ХТ6:5
77,,,LT-5L2-К-2,ХТ6:6
78,,,РЕ,ХТ6:7
79,4,LT-5L3-К,LT-5L3-К-1,ХТ6:9
80,,,LT-5L3-К-2,ХТ6:10
81,,,РЕ,ХТ6:11
82,4,LT-5L4-К,LT-5L4-К-1,ХТ6:13
83,,,LT-5L4-К-2,ХТ6:14
84,,,РЕ,ХТ6:15
85,4,PZT-5P10/1-К,PZT-5P10/1-К-1,ХТ6:17
86,,,PZT-5P10/1-К-2,ХТ6:18
87,,,РЕ,ХТ6:19
88,4,PZT-5P10/2-К,PZT-5P10/2-К-1,ХТ6:21
89,,,PZT-5P10/2-К-2,ХТ6:22
90,,,РЕ,ХТ6:23
91,4,PZT-5P11/1-К,PZT-5P11/1-К-1,ХТ6:25
92,,,PZT-5P11/1-К-2,ХТ6:26
93,,,РЕ,ХТ6:27
94,4,PZT-5P11/2-К,PZT-5P11/2-К-1,ХТ5:29
95,,,PZT-5P11/2-К-2,ХТ5:30
96,,,РЕ,ХТ5:31
97,4,LS-5L5-К,LS-5L5-К-24В,ХТ11:1
98,,,LS-5L5-К-OB,ХТ11:2
99,,,РЕ,ХТ11:3
100,,,LS-5L5-К-NO1.1,ХТ11:4
101,4,LS-5L6-К,LS-5L6-К-24В,ХТ11:5
102,,,LS-5L6-К-OB,ХТ11:6
103,,,РЕ,ХТ11:7
104,,,LS-5L6-К-NO1.1,ХТ11:8
105,2,5кшэ1-Р1,5кшэ1-К-U,ХТ9:1
106,,,5кшэ1-К-V,ХТ9:2
107,,,5кшэ1-К-W,ХТ9:3
108,,5кшэ1-К,5кшэ1-К-10,ХТ9:4
109,,,5кшэ1-К-14,ХТ9:5
110,,,5кшэ1-К-17,ХТ9:9
111,,,5кшэ1-К-18,ХТ9:10
112,,,5кшэ1-К-11,ХТ9:11
113,,,5кшэ1-К-15,ХТ9:12
114,,,5кшэ1-К-12,ХТ9:13
115,,,5кшэ1-К-16,ХТ9:14
116,2,5кшэ2-Р1,5кшэ2-К-U,ХТ9:15
117,,,5кшэ2-К-V,ХТ9:16
118,,,5кшэ2-К-W,ХТ9:17
119,,5кшэ2-К,5кшэ2-К-10,ХТ9:18
120,,,5кшэ2-К-14,ХТ9:19
121,,,5кшэ2-К-17,ХТ9:23
122,,,5кшэ2-К-18,ХТ9:24
123,,,5кшэ2-К-11,ХТ9:25
124,,,5кшэ2-К-15,ХТ9:26
125,,,5кшэ2-К-12,ХТ9:27
126,,,5кшэ2-К-16,ХТ9:28
127,2,5кшэ3-Р1,5кшэ3-К-U,ХТ9:29
128,,,5кшэ3-К-V,ХТ9:30
129,,,5кшэ3-К-W,ХТ9:31
130,,5кшэ3-К,5кшэ3-К-10,ХТ9:32
131,,,5кшэ3-К-14,ХТ9:33
132,,,5кшэ3-К-17,ХТ9:37
133,,,5кшэ3-К-18,ХТ9:38
134,,,5кшэ3-К-11,ХТ9:39
135,,,5кшэ3-К-15,ХТ9:40
136,,,5кшэ3-К-12,ХТ9:41
137,,,5кшэ3-К-16,ХТ9:42
138,2,5кшэ4-Р1,5кшэ4-К-U,ХТ9:43
139,,,5кшэ4-К-V,ХТ9:44
140,,,5кшэ4-К-W,ХТ9:45
141,,5кшэ4-К,5кшэ4-К-10,ХТ9:46
142,,,5кшэ4-К-14,ХТ9:47
143,,,5кшэ4-К-17,ХТ9:51
144,,,5кшэ4-К-18,ХТ9:52
145,,,5кшэ4-К-11,ХТ9:53
146,,,5кшэ4-К-15,ХТ9:54
147,,,5кшэ4-К-12,ХТ9:55
148,,,5кшэ4-К-16,ХТ9:56
149,2,5кшэ5-Р1,5кшэ5-К-U,ХТ9:57
150,,,5кшэ5-К-V,ХТ9:58
151,,,5кшэ5-К-W,ХТ9:59
152,,5кшэ5-К,5кшэ5-К-10,ХТ9:60
153,,,5кшэ5-К-14,ХТ9:61
154,,,5кшэ5-К-17,ХТ9:65
155,,,5кшэ5-К-18,ХТ9:66
156,,,5кшэ5-К-11,ХТ9:67
157,,,5кшэ5-К-15,ХТ9:68
158,,,5кшэ5-К-12,ХТ9:69
159,,,5кшэ5-К-16,ХТ9:70
160,2,5кшэ6-Р1,5кшэ6-К-U,ХТ9:71
161,,,5кшэ6-К-V,ХТ9:72
162,,,5кшэ6-К-W,ХТ9:73
163,,5кшэ6-К,5кшэ6-К-10,ХТ9:74
164,,,5кшэ6-К-14,ХТ9:75
165,,,5кшэ6-К-17,ХТ9:79
166,,,5кшэ6-К-18,ХТ9:80
167,,,5кшэ6-К-11,ХТ9:81
168,,,5кшэ6-К-15,ХТ9:82
169,,,5кшэ6-К-12,ХТ9:83
170,,,5кшэ6-К-16,ХТ9:84
171,2,5кшэ7-Р1,5кшэ7-К-U,ХТ9:85
172,,,5кшэ7-К-V,ХТ9:86
173,,,5кшэ7-К-W,ХТ9:87
174,,5кшэ7-К,5кшэ7-К-10,ХТ9:88
175,,,5кшэ7-К-14,ХТ9:89
176,,,5кшэ7-К-17,ХТ9:93
177,,,5кшэ7-К-18,ХТ9:94
178,,,5кшэ7-К-11,ХТ9:95
179,,,5кшэ7-К-15,ХТ9:96
180,,,5кшэ7-К-12,ХТ9:97
181,,,5кшэ7-К-16,ХТ9:98
182,2,5кшэ8-Р1,5кшэ8-К-U,ХТ9:99
183,,,5кшэ8-К-V,ХТ9:100
184,,,5кшэ8-К-W,ХТ9:101
185,,5кшэ8-К,5кшэ8-К-10,ХТ9:102
186,,,5кшэ8-К-14,ХТ9:103
187,,,5кшэ8-К-17,ХТ9:107
188,,,5кшэ8-К-18,ХТ9:108
189,,,5кшэ8-К-11,ХТ9:109
190,,,5кшэ8-К-15,ХТ9:110
191,,,5кшэ8-К-12,ХТ9:111
192,,,5кшэ8-К-16,ХТ9:112
193,2,5кшэ9-Р1,5кшэ9-К-U,ХТ9:113
194,,,5кшэ9-К-V,ХТ9:114
195,,,5кшэ9-К-W,ХТ9:115
196,,5кшэ9-К,5кшэ9-К-10,ХТ9:116
197,,,5кшэ9-К-14,ХТ9:117
198,,,5кшэ9-К-17,ХТ9:121
199,,,5кшэ9-К-18,ХТ9:122
200,,,5кшэ9-К-11,ХТ9:123
201,,,5кшэ9-К-15,ХТ9:124
202,,,5кшэ9-К-12,ХТ9:125
203,,,5кшэ9-К-16,ХТ9:126
204,2,5кшэ10-Р1,5кшэ10-К-U,ХТ9:127
205,,,5кшэ10-К-V,ХТ9:128
206,,,5кшэ10-К-W,ХТ9:129
207,,5кшэ10-К,5кшэ10-К-10,ХТ9:130
208,,,5кшэ10-К-14,ХТ9:131
209,,,5кшэ10-К-17,ХТ9:135
210,,,5кшэ10-К-18,ХТ9:136
211,,,5кшэ10-К-11,ХТ9:137
212,,,5кшэ10-К-15,ХТ9:138
213,,,5кшэ10-К-12,ХТ9:139
214,,,5кшэ10-К-16,ХТ9:140
215,2,5кшэ11-Р1,5кшэ11-К-U,ХТ9:141
216,,,5кшэ11-К-V,ХТ9:142
217,,,5кшэ11-К-W,ХТ9:143
218,,5кшэ11-К,5кшэ11-К-10,ХТ9:144
219,,,5кшэ11-К-14,ХТ9:145
220,,,5кшэ11-К-17,ХТ9:149
221,,,5кшэ11-К-18,ХТ9:150
222,,,5кшэ11-К-11,ХТ9:151
223,,,5кшэ11-К-15,ХТ9:152
224,,,5кшэ11-К-12,ХТ9:153
225,,,5кшэ11-К-16,ХТ9:154
226,2,5кшэ12-Р1,5кшэ12-К-U,ХТ9:155
227,,,5кшэ12-К-V,ХТ9:156
228,,,5кшэ12-К-W,ХТ9:157
229,,5кшэ12-К,5кшэ12-К-10,ХТ9:158
230,,,5кшэ12-К-14,ХТ9:159
231,,,5кшэ12-К-17,ХТ9:163
232,,,5кшэ12-К-18,ХТ9:164
233,,,5кшэ12-К-11,ХТ9:165
234,,,5кшэ12-К-15,ХТ9:166
235,,,5кшэ12-К-12,ХТ9:167
236,,,5кшэ12-К-16,ХТ9:168
237,2,5кшэ13-Р1,5кшэ13-К-U,ХТ9:169
238,,,5кшэ13-К-V,ХТ9:170
239,,,5кшэ13-К-W,ХТ9:171
240,,5кшэ13-К,5кшэ13-К-10,ХТ9:172
241,,,5кшэ13-К-14,ХТ9:173
242,,,5кшэ13-К-17,ХТ9:177
243,,,5кшэ13-К-18,ХТ9:178
244,,,5кшэ13-К-11,ХТ9:179
245,,,5кшэ13-К-15,ХТ9:180
246,,,5кшэ13-К-12,ХТ9:181
247,,,5кшэ13-К-16,ХТ9:182
248,2,5кшэ14-Р1,5кшэ14-К-U,ХТ9:183
249,,,5кшэ14-К-V,ХТ9:184
250,,,5кшэ14-К-W,ХТ9:185
251,,5кшэ14-К,5кшэ14-К-10,ХТ9:186
252,,,5кшэ14-К-14,ХТ9:187
253,,,5кшэ14-К-17,ХТ9:191
254,,,5кшэ14-К-18,ХТ9:192
255,,,5кшэ14-К-11,ХТ9:193
256,,,5кшэ14-К-15,ХТ9:194
257,,,5кшэ14-К-12,ХТ9:195
258,,,5кшэ14-К-16,ХТ9:196
259,2,5кшэ15-Р1,5кшэ15-К-U,ХТ9:197
260,,,5кшэ15-К-V,ХТ9:198
261,,,5кшэ15-К-W,ХТ9:199
262,,5кшэ15-К,5кшэ15-К-10,ХТ9:200
263,,,5кшэ15-К-14,ХТ9:201
264,,,5кшэ15-К-17,ХТ9:205
265,,,5кшэ15-К-18,ХТ9:206
266,,,5кшэ15-К-11,ХТ9:207
267,,,5кшэ15-К-15,ХТ9:208
268,,,5кшэ15-К-12,ХТ9:209
269,,,5кшэ15-К-16,ХТ9:210
270,2,5кшэ16-Р1,5кшэ16-К-U,ХТ9:211
271,,,5кшэ16-К-V,ХТ9:212
272,,,5кшэ16-К-W,ХТ9:213
273,,5кшэ16-К,5кшэ16-К-10,ХТ9:214
274,,,5кшэ16-К-14,ХТ9:215
275,,,5кшэ16-К-17,ХТ9:219
276,,,5кшэ16-К-18,ХТ9:220
277,,,5кшэ16-К-11,ХТ9:221
278,,,5кшэ16-К-15,ХТ9:222
279,,,5кшэ16-К-12,ХТ9:223
280,,,5кшэ16-К-16,ХТ9:224
281,2,5кшэ17-Р1,5кшэ17-К-U,ХТ9:225
282,,,5кшэ17-К-V,ХТ9:226
283,,,5кшэ17-К-W,ХТ9:227
284,,5кшэ17-К,5кшэ17-К-10,ХТ9:228
285,,,5кшэ17-К-14,ХТ9:229
286,,,5кшэ17-К-17,ХТ9:233
287,,,5кшэ17-К-18,ХТ9:234
288,,,5кшэ17-К-11,ХТ9:235
289,,,5кшэ17-К-15,ХТ9:236
290,,,5кшэ17-К-12,ХТ9:237
291,,,5кшэ17-К-16,ХТ9:238
292,3,5кшэ18-Р1,5кшэ18-К-U,ХТ10:1
293,,,5кшэ18-К-V,ХТ10:2
294,,,5кшэ18-К-W,ХТ10:3
295,,5кшэ18-К,5кшэ18-К-10,ХТ10:4
296,,,5кшэ18-К-14,ХТ10:5
297,,,5кшэ18-К-17,ХТ10:9
298,,,5кшэ18-К-18,ХТ10:10
299,,,5кшэ18-К-11,ХТ10:11
300,,,5кшэ18-К-15,ХТ10:12
301,,,5кшэ18-К-12,ХТ10:13
302,,,5кшэ18-К-16,ХТ10:14
303,3,5кшэ19-Р1,5кшэ19-К-U,ХТ10:15
304,,,5кшэ19-К-V,ХТ10:16
305,,,5кшэ19-К-W,ХТ10:17
306,,5кшэ19-К,5кшэ19-К-10,ХТ10:18
307,,,5кшэ19-К-14,ХТ10:19
308,,,5кшэ19-К-17,ХТ10:23
309,,,5кшэ19-К-18,ХТ10:24
310,,,5кшэ19-К-11,ХТ10:25
311,,,5кшэ19-К-15,ХТ10:26
312,,,5кшэ19-К-12,ХТ10:27
313,,,5кшэ19-К-16,ХТ10:28
314,3,5кшэ20-Р1,5кшэ20-К-U,ХТ10:29
315,,,5кшэ20-К-V,ХТ10:30
316,,,5кшэ20-К-W,ХТ10:31
317,,5кшэ20-К,5кшэ20-К-10,ХТ10:32
318,,,5кшэ20-К-14,ХТ10:33
319,,,5кшэ20-К-17,ХТ10:37
320,,,5кшэ20-К-18,ХТ10:38
321,,,5кшэ20-К-11,ХТ10:39
322,,,5кшэ20-К-15,ХТ10:40
323,,,5кшэ20-К-12,ХТ10:41
324,,,5кшэ20-К-16,ХТ10:42
325,3,5кшэ21-Р1,5кшэ21-К-U,ХТ10:43
326,,,5кшэ21-К-V,ХТ10:44
327,,,5кшэ21-К-W,ХТ10:45
328,,5кшэ21-К,5кшэ21-К-10,ХТ10:46
329,,,5кшэ21-К-14,ХТ10:47
330,,,5кшэ21-К-17,ХТ10:51
331,,,5кшэ21-К-18,ХТ10:52
332,,,5кшэ21-К-11,ХТ10:53
333,,,5кшэ21-К-15,ХТ10:54
334,,,5кшэ21-К-12,ХТ10:55
335,,,5кшэ21-К-16,ХТ10:56
336,3,5кшэ22-Р1,5кшэ22-К-U,ХТ10:57
337,,,5кшэ22-К-V,ХТ10:58
338,,,5кшэ22-К-W,ХТ10:59
339,,5кшэ22-К,5кшэ22-К-10,ХТ10:60
340,,,5кшэ22-К-14,ХТ10:61
341,,,5кшэ22-К-17,ХТ10:65
342,,,5кшэ22-К-18,ХТ10:66
343,,,5кшэ22-К-11,ХТ10:67
344,,,5кшэ22-К-15,ХТ10:68
345,,,5кшэ22-К-12,ХТ10:69
346,,,5кшэ22-К-16,ХТ10:70
347,3,5кшэ23-Р1,5кшэ23-К-U,ХТ10:71
348,,,5кшэ23-К-V,ХТ10:72
349,,,5кшэ23-К-W,ХТ10:73
350,,5кшэ23-К,5кшэ23-К-10,ХТ10:74
351,,,5кшэ23-К-14,ХТ10:75
352,,,5кшэ23-К-17,ХТ10:79
353,,,5кшэ23-К-18,ХТ10:80
354,,,5кшэ23-К-11,ХТ10:81
355,,,5кшэ23-К-15,ХТ10:82
356,,,5кшэ23-К-12,ХТ10:83
357,,,5кшэ23-К-16,ХТ10:84
358,3,5кшэ24-Р1,5кшэ24-К-U,ХТ10:85
359,,,5кшэ24-К-V,ХТ10:86
360,,,5кшэ24-К-W,ХТ10:87
361,,5кшэ24-К,5кшэ24-К-10,ХТ10:88
362,,,5кшэ24-К-14,ХТ10:89
363,,,5кшэ24-К-17,ХТ10:93
364,,,5кшэ24-К-18,ХТ10:94
365,,,5кшэ24-К-11,ХТ10:95
366,,,5кшэ24-К-15,ХТ10:96
367,,,5кшэ24-К-12,ХТ10:97
368,,,5кшэ24-К-16,ХТ10:98
369,3,5кшэ25-Р1,5кшэ25-К-U,ХТ10:99
370,,,5кшэ25-К-V,ХТ10:100
371,,,5кшэ25-К-W,ХТ10:101
372,,5кшэ25-К,5кшэ25-К-10,ХТ10:102
373,,,5кшэ25-К-14,ХТ10:103
374,,,5кшэ25-К-17,ХТ10:107
375,,,5кшэ25-К-18,ХТ10:108
376,,,5кшэ25-К-11,ХТ10:109
377,,,5кшэ25-К-15,ХТ10:110
378,,,5кшэ25-К-12,ХТ10:111
379,,,5кшэ25-К-16,ХТ10:112
380,3,5кшэ26-Р1,5кшэ26-К-U,ХТ10:113
381,,,5кшэ26-К-V,ХТ10:114
382,,,5кшэ26-К-W,ХТ10:115
383,,5кшэ26-К,5кшэ26-К-10,ХТ10:116
384,,,5кшэ26-К-14,ХТ10:117
385,,,5кшэ26-К-17,ХТ10:121
386,,,5кшэ26-К-18,ХТ10:122
387,,,5кшэ26-К-11,ХТ10:123
388,,,5кшэ26-К-15,ХТ10:124
389,,,5кшэ26-К-12,ХТ10:125
390,,,5кшэ26-К-16,ХТ10:126
391,3,5кшэ27-Р1,5кшэ27-К-U,ХТ10:127
392,,,5кшэ27-К-V,ХТ10:128
393,,,5кшэ27-К-W,ХТ10:129
394,,5кшэ27-К,5кшэ27-К-10,ХТ10:130
395,,,5кшэ27-К-14,ХТ10:131
396,,,5кшэ27-К-17,ХТ10:135
397,,,5кшэ27-К-18,ХТ10:136
398,,,5кшэ27-К-11,ХТ10:137
399,,,5кшэ27-К-15,ХТ10:138
400,,,5кшэ27-К-12,ХТ10:139
401,,,5кшэ27-К-16,ХТ10:140
402,3,5кшэ30-Р1,5кшэ30-К-U,ХТ10:141
403,,,5кшэ30-К-V,ХТ10:142
404,,,5кшэ30-К-W,ХТ10:143
405,,5кшэ30-К,5кшэ30-К-10,ХТ10:144
406,,,5кшэ30-К-14,ХТ10:145
407,,,5кшэ30-К-17,ХТ10:149
408,,,5кшэ30-К-18,ХТ10:150
409,,,5кшэ30-К-11,ХТ10:151
410,,,5кшэ30-К-15,ХТ10:152
411,,,5кшэ30-К-12,ХТ10:153
412,,,5кшэ30-К-16,ХТ10:154
413,3,5кшэ31-Р1,5кшэ31-К-U,ХТ10:155
414,,,5кшэ31-К-V,ХТ10:156
415,,,5кшэ31-К-W,ХТ10:157
416,,5кшэ31-К,5кшэ31-К-10,ХТ10:158
417,,,5кшэ31-К-14,ХТ10:159
418,,,5кшэ31-К-17,ХТ10:163
419,,,5кшэ31-К-18,ХТ10:164
420,,,5кшэ31-К-11,ХТ10:165
421,,,5кшэ31-К-15,ХТ10:166
422,,,5кшэ31-К-12,ХТ10:167
423,,,5кшэ31-К-16,ХТ10:168
424,3,5кшэ32-Р1,5кшэ32-К-U,ХТ10:169
425,,,5кшэ32-К-V,ХТ10:170
426,,,5кшэ32-К-W,ХТ10:171
427,,5кшэ32-К,5кшэ32-К-10,ХТ10:172
428,,,5кшэ32-К-14,ХТ10:173
429,,,5кшэ32-К-17,ХТ10:177
430,,,5кшэ32-К-18,ХТ10:178
431,,,5кшэ32-К-11,ХТ10:179
432,,,5кшэ32-К-15,ХТ10:180
433,,,5кшэ32-К-12,ХТ10:181
434,,,5кшэ32-К-16,ХТ10:182
435,3,5кшэ33-Р1,5кшэ33-К-U,ХТ10:183
436,,,5кшэ33-К-V,ХТ10:184
437,,,5кшэ33-К-W,ХТ10:185
438,,5кшэ33-К,5кшэ33-К-10,ХТ10:186
439,,,5кшэ33-К-14,ХТ10:187
440,,,5кшэ33-К-17,ХТ10:191
441,,,5кшэ33-К-18,ХТ10:192
442,,,5кшэ33-К-11,ХТ10:193
443,,,5кшэ33-К-15,ХТ10:194
444,,,5кшэ33-К-12,ХТ10:195
445,,,5кшэ33-К-16,ХТ10:196
446,3,5кшэ34-Р1,5кшэ34-К-U,ХТ10:197
447,,,5кшэ34-К-V,ХТ10:198
448,,,5кшэ34-К-W,ХТ10:199
449,,5кшэ34-К,5кшэ34-К-10,ХТ10:200
450,,,5кшэ34-К-14,ХТ10:201
451,,,5кшэ34-К-17,ХТ10:205
452,,,5кшэ34-К-18,ХТ10:206
453,,,5кшэ34-К-11,ХТ10:207
454,,,5кшэ34-К-15,ХТ10:208
455,,,5кшэ34-К-12,ХТ10:209
456,,,5кшэ34-К-16,ХТ10:210
457,3,5кшэ35-Р1,5кшэ35-К-U,ХТ10:211
458,,,5кшэ35-К-V,ХТ10:212
459,,,5кшэ35-К-W,ХТ10:213
460,,5кшэ35-К,5кшэ35-К-10,ХТ10:214
461,,,5кшэ35-К-14,ХТ10:215
462,,,5кшэ35-К-17,ХТ10:219
463,,,5кшэ35-К-18,ХТ10:220
464,,,5кшэ35-К-11,ХТ10:221
465,,,5кшэ35-К-15,ХТ10:222
466,,,5кшэ35-К-12,ХТ10:223
467,,,5кшэ35-К-16,ХТ10:224
468,3,5кшэ36-Р1,5кшэ36-К-U,ХТ10:225
469,,,5кшэ36-К-V,ХТ10:226
470,,,5кшэ36-К-W,ХТ10:227
471,,5кшэ36-К,5кшэ36-К-10,ХТ10:228
472,,,5кшэ36-К-14,ХТ10:229
473,,,5кшэ36-К-17,ХТ10:233
474,,,5кшэ36-К-18,ХТ10:234
475,,,5кшэ36-К-11,ХТ10:235
476,,,5кшэ36-К-15,ХТ10:236
477,,,5кшэ36-К-12,ХТ10:237
478,,,5кшэ36-К-16,ХТ10:238
479,3,5кшэ37-Р1,5кшэ37-К-U,ХТ10:239
480,,,5кшэ37-К-V,ХТ10:240
481,,,5кшэ37-К-W,ХТ10:241
482,,5кшэ37-К,5кшэ37-К-10,ХТ10:242
483,,,5кшэ37-К-14,ХТ10:243
484,,,5кшэ37-К-17,ХТ10:247
485,,,5кшэ37-К-18,ХТ10:248
486,,,5кшэ37-К-11,ХТ10:249
487,,,5кшэ37-К-15,ХТ10:250
488,,,5кшэ37-К-12,ХТ10:251
489,,,5кшэ37-К-16,ХТ10:252
490,3,5кшэ38-Р1,5кшэ38-К-U,ХТ10:253
491,,,5кшэ38-К-V,ХТ10:254
492,,,5кшэ38-К-W,ХТ10:255
493,,5кшэ38-К,5кшэ38-К-10,ХТ10:256
494,,,5кшэ38-К-14,ХТ10:257
495,,,5кшэ38-К-17,ХТ10:261
496,,,5кшэ38-К-18,ХТ10:262
497,,,5кшэ38-К-11,ХТ10:263
498,,,5кшэ38-К-15,ХТ10:264
499,,,5кшэ38-К-12,ХТ10:265
500,,,5кшэ38-К-16,ХТ10:266
501,3,5кшэ39-Р1,5кшэ39-К-U,ХТ10:267
502,,,5кшэ39-К-V,ХТ10:268
503,,,5кшэ39-К-W,ХТ10:269
504,,5кшэ39-К,5кшэ39-К-10,ХТ10:270
505,,,5кшэ39-К-14,ХТ10:271
506,,,5кшэ39-К-17,ХТ10:275
507,,,5кшэ39-К-18,ХТ10:276
508,,,5кшэ39-К-11,ХТ10:277
509,,,5кшэ39-К-15,ХТ10:278
510,,,5кшэ39-К-12,ХТ10:279
511,,,5кшэ39-К-16,ХТ10:280
512,4,PU1-RS-K,PU1-RS-K-A,ХТ13:1
513,,,PU1-RS-K-B,ХТ13:2
514,1,Нотх1-Р1,Нотх1-Р1-U,1Х1:1
515,,,Нотх1-Р1-V,1Х1:2
516,,,Нотх1-Р1-W,1Х1:3
517,,,Нотх1-Р1-PE,1Х1:4
518,,Нотх1-Р2,Нотх1-Р2-х1,1Х1.1:1
519,,,Нотх1-Р2-х2,1Х1.1:2
520,2,Нотх1-К1,Нотх1-К1-1,1ХТ1:3
521,,,Нотх1-К1-2,1ХТ1:5
522,,,Нотх1-К1-3,1ХТ1:6
523,,,Нотх1-К1-4,1ХТ1:7
524,,,Нотх1-К1-5,1ХТ1:8
525,,,Нотх1-К1-6,1ХТ1:9
526,,,Нотх1-К1-7,1ХТ1:11
527,4,HS-Нотх1-К,HS-Нотх1-К-1,ХТ12:5
528,,,HS-Нотх1-К-2,ХТ12:6
529,1,Нотх2-Р1,Нотх2-Р1-U,2Х1:1
530,,,Нотх2-Р1-V,2Х1:2
531,,,Нотх2-Р1-W,2Х1:3
532,,,Нотх2-Р1-PE,2Х1:4
533,,Нотх2-Р2,Нотх2-Р2-х1,2Х1.1:1
534,,,Нотх2-Р2-х2,2Х1.1:2
535,2,Нотх2-К1,Нотх2-К1-1,2ХТ1:3
536,,,Нотх2-К1-2,2ХТ1:5
537,,,Нотх2-К1-3,2ХТ1:6
538,,,Нотх2-К1-4,2ХТ1:7
539,,,Нотх2-К1-5,2ХТ1:8
540,,,Нотх2-К1-6,2ХТ1:9
541,,,Нотх2-К1-7,2ХТ1:11
542,,HZS-Нотх2-К,HZS-Нотх2-К-1,2ХТ1:1
543,,,HZS-Нотх2-К-2,2ХТ1:2
544,1,Н1-Р1,Н1-Р1-U,2Х3:1
545,,,Н1-Р1-V,2Х3:2
546,,,Н1-Р1-W,2Х3:3
547,,,Н1-Р1-PE,2Х3:4
548,,Н1-Р2,Н1-Р2-х1,2Х3.1:1
549,,,Н1-Р2-х2,2Х3.1:2
550,2,Н1-К1,Н1-К1-1,2ХТ3:3
551,,,Н1-К1-2,2ХТ3:5
552,,,Н1-К1-3,2ХТ3:6
553,,,Н1-К1-4,2ХТ3:7
554,,,Н1-К1-5,2ХТ3:8
555,,,Н1-К1-6,2ХТ3:9
556,,,Н1-К1-7,2ХТ3:11
557,4,HS-НП1-К,HS-НП1-К-1,ХТ12:1
558,,,HS-НП1-К-2,ХТ12:2
559,,XL-НП1-К,XL-НП1-К-1,ХТ11:13
560,,,XL-НП1-К-2,ХТ11:14
561,,,XL-НП1-К-3,ХТ11:15
562,,,XL-НП1-К-4,ХТ11:16
563,,HS-НП2-К,HS-НП2-К-1,ХТ12:3
564,,,HS-НП2-К-2,ХТ12:4
565,,XL-НП2-К,XL-НП2-К-1,ХТ11:17
566,,,XL-НП2-К-2,ХТ11:18
567,,,XL-НП2-К-3,ХТ11:19
568,,,XL-НП2-К-4,ХТ11:20
