,,,,,
,,,,,
0: Category 0,LT_5L1_SIGN,3x-5,0,LT_5L1 Неопределено,
2: Category 2,LT_5L1_SIGN,3x-5,1,LT_5L1 Верхн. авар. порог,255:0:0
2: Category 2,LT_5L1_SIGN,3x-5,2,LT_5L1 Нижн. авар. порог,255:0:0
1: Category 1,LT_5L1_SIGN,3x-5,3,LT_5L1 Верхн. предупр. порог,255:215:0
1: Category 1,LT_5L1_SIGN,3x-5,4,LT_5L1 Нижн. предупр. порог,255:215:0
0: Category 0,LT_5L1_SIGN,3x-5,5,LT_5L1 В диапазоне уставок,
0: Category 0,LT_5L1_QUALITY,3x-4,0,КАНАЛ LT_5L1 - Неопред.,
2: Category 2,LT_5L1_QUALITY,3x-4,1,КАНАЛ LT_5L1 - Ошибка,255:0:0
2: Category 2,LT_5L1_QUALITY,3x-4,2,КАНАЛ LT_5L1 - Обрыв,255:0:0
2: Category 2,LT_5L1_QUALITY,3x-4,3,КАНАЛ LT_5L1 - Перегрузка,255:0:0
1: Category 1,LT_5L1_QUALITY,3x-4,7,КАНАЛ LT_5L1 - Подмена,255:215:0
0: Category 0,LT_5L1_QUALITY,3x-4,9,КАНАЛ LT_5L1 - ОК,
0: Category 0,LZT_5L10_1_SIGN,3x-10,0,LZT_5L10_1 Неопределено,
2: Category 2,LZT_5L10_1_SIGN,3x-10,1,LZT_5L10_1 Верхн. авар. порог,255:0:0
2: Category 2,LZT_5L10_1_SIGN,3x-10,2,LZT_5L10_1 Нижн. авар. порог,255:0:0
1: Category 1,LZT_5L10_1_SIGN,3x-10,3,LZT_5L10_1 Верхн. предупр. порог,255:215:0
1: Category 1,LZT_5L10_1_SIGN,3x-10,4,LZT_5L10_1 Нижн. предупр. порог,255:215:0
0: Category 0,LZT_5L10_1_SIGN,3x-10,5,LZT_5L10_1 В диапазоне уставок,
0: Category 0,LZT_5L10_1_QUALITY,3x-9,0,КАНАЛ LZT_5L10_1 - Неопред.,
2: Category 2,LZT_5L10_1_QUALITY,3x-9,1,КАНАЛ LZT_5L10_1 - Ошибка,255:0:0
2: Category 2,LZT_5L10_1_QUALITY,3x-9,2,КАНАЛ LZT_5L10_1 - Обрыв,255:0:0
2: Category 2,LZT_5L10_1_QUALITY,3x-9,3,КАНАЛ LZT_5L10_1 - Перегрузка,255:0:0
1: Category 1,LZT_5L10_1_QUALITY,3x-9,7,КАНАЛ LZT_5L10_1 - Подмена,255:215:0
0: Category 0,LZT_5L10_1_QUALITY,3x-9,9,КАНАЛ LZT_5L10_1 - ОК,
0: Category 0,LZT_5L10_2_SIGN,3x-15,0,LZT_5L10_2 Неопределено,
2: Category 2,LZT_5L10_2_SIGN,3x-15,1,LZT_5L10_2 Верхн. авар. порог,255:0:0
2: Category 2,LZT_5L10_2_SIGN,3x-15,2,LZT_5L10_2 Нижн. авар. порог,255:0:0
1: Category 1,LZT_5L10_2_SIGN,3x-15,3,LZT_5L10_2 Верхн. предупр. порог,255:215:0
1: Category 1,LZT_5L10_2_SIGN,3x-15,4,LZT_5L10_2 Нижн. предупр. порог,255:215:0
0: Category 0,LZT_5L10_2_SIGN,3x-15,5,LZT_5L10_2 В диапазоне уставок,
0: Category 0,LZT_5L10_2_QUALITY,3x-14,0,КАНАЛ LZT_5L10_2 - Неопред.,
2: Category 2,LZT_5L10_2_QUALITY,3x-14,1,КАНАЛ LZT_5L10_2 - Ошибка,255:0:0
2: Category 2,LZT_5L10_2_QUALITY,3x-14,2,КАНАЛ LZT_5L10_2 - Обрыв,255:0:0
2: Category 2,LZT_5L10_2_QUALITY,3x-14,3,КАНАЛ LZT_5L10_2 - Перегрузка,255:0:0
1: Category 1,LZT_5L10_2_QUALITY,3x-14,7,КАНАЛ LZT_5L10_2 - Подмена,255:215:0
0: Category 0,LZT_5L10_2_QUALITY,3x-14,9,КАНАЛ LZT_5L10_2 - ОК,
0: Category 0,TZT_5T10_1_SIGN,3x-20,0,TZT_5T10_1 Неопределено,
2: Category 2,TZT_5T10_1_SIGN,3x-20,1,TZT_5T10_1 Верхн. авар. порог,255:0:0
2: Category 2,TZT_5T10_1_SIGN,3x-20,2,TZT_5T10_1 Нижн. авар. порог,255:0:0
1: Category 1,TZT_5T10_1_SIGN,3x-20,3,TZT_5T10_1 Верхн. предупр. порог,255:215:0
1: Category 1,TZT_5T10_1_SIGN,3x-20,4,TZT_5T10_1 Нижн. предупр. порог,255:215:0
0: Category 0,TZT_5T10_1_SIGN,3x-20,5,TZT_5T10_1 В диапазоне уставок,
0: Category 0,TZT_5T10_1_QUALITY,3x-19,0,КАНАЛ TZT_5T10_1 - Неопред.,
2: Category 2,TZT_5T10_1_QUALITY,3x-19,1,КАНАЛ TZT_5T10_1 - Ошибка,255:0:0
2: Category 2,TZT_5T10_1_QUALITY,3x-19,2,КАНАЛ TZT_5T10_1 - Обрыв,255:0:0
2: Category 2,TZT_5T10_1_QUALITY,3x-19,3,КАНАЛ TZT_5T10_1 - Перегрузка,255:0:0
1: Category 1,TZT_5T10_1_QUALITY,3x-19,7,КАНАЛ TZT_5T10_1 - Подмена,255:215:0
0: Category 0,TZT_5T10_1_QUALITY,3x-19,9,КАНАЛ TZT_5T10_1 - ОК,
0: Category 0,TZT_5T10_2_SIGN,3x-25,0,TZT_5T10_2 Неопределено,
2: Category 2,TZT_5T10_2_SIGN,3x-25,1,TZT_5T10_2 Верхн. авар. порог,255:0:0
2: Category 2,TZT_5T10_2_SIGN,3x-25,2,TZT_5T10_2 Нижн. авар. порог,255:0:0
1: Category 1,TZT_5T10_2_SIGN,3x-25,3,TZT_5T10_2 Верхн. предупр. порог,255:215:0
1: Category 1,TZT_5T10_2_SIGN,3x-25,4,TZT_5T10_2 Нижн. предупр. порог,255:215:0
0: Category 0,TZT_5T10_2_SIGN,3x-25,5,TZT_5T10_2 В диапазоне уставок,
0: Category 0,TZT_5T10_2_QUALITY,3x-24,0,КАНАЛ TZT_5T10_2 - Неопред.,
2: Category 2,TZT_5T10_2_QUALITY,3x-24,1,КАНАЛ TZT_5T10_2 - Ошибка,255:0:0
2: Category 2,TZT_5T10_2_QUALITY,3x-24,2,КАНАЛ TZT_5T10_2 - Обрыв,255:0:0
2: Category 2,TZT_5T10_2_QUALITY,3x-24,3,КАНАЛ TZT_5T10_2 - Перегрузка,255:0:0
1: Category 1,TZT_5T10_2_QUALITY,3x-24,7,КАНАЛ TZT_5T10_2 - Подмена,255:215:0
0: Category 0,TZT_5T10_2_QUALITY,3x-24,9,КАНАЛ TZT_5T10_2 - ОК,
0: Category 0,PZT_5P12_1_SIGN,3x-30,0,PZT_5P12_1 Неопределено,
2: Category 2,PZT_5P12_1_SIGN,3x-30,1,PZT_5P12_1 Верхн. авар. порог,255:0:0
2: Category 2,PZT_5P12_1_SIGN,3x-30,2,PZT_5P12_1 Нижн. авар. порог,255:0:0
1: Category 1,PZT_5P12_1_SIGN,3x-30,3,PZT_5P12_1 Верхн. предупр. порог,255:215:0
1: Category 1,PZT_5P12_1_SIGN,3x-30,4,PZT_5P12_1 Нижн. предупр. порог,255:215:0
0: Category 0,PZT_5P12_1_SIGN,3x-30,5,PZT_5P12_1 В диапазоне уставок,
0: Category 0,PZT_5P12_1_QUALITY,3x-29,0,КАНАЛ PZT_5P12_1 - Неопред.,
2: Category 2,PZT_5P12_1_QUALITY,3x-29,1,КАНАЛ PZT_5P12_1 - Ошибка,255:0:0
2: Category 2,PZT_5P12_1_QUALITY,3x-29,2,КАНАЛ PZT_5P12_1 - Обрыв,255:0:0
2: Category 2,PZT_5P12_1_QUALITY,3x-29,3,КАНАЛ PZT_5P12_1 - Перегрузка,255:0:0
1: Category 1,PZT_5P12_1_QUALITY,3x-29,7,КАНАЛ PZT_5P12_1 - Подмена,255:215:0
0: Category 0,PZT_5P12_1_QUALITY,3x-29,9,КАНАЛ PZT_5P12_1 - ОК,
0: Category 0,PZT_5P12_2_SIGN,3x-35,0,PZT_5P12_2 Неопределено,
2: Category 2,PZT_5P12_2_SIGN,3x-35,1,PZT_5P12_2 Верхн. авар. порог,255:0:0
2: Category 2,PZT_5P12_2_SIGN,3x-35,2,PZT_5P12_2 Нижн. авар. порог,255:0:0
1: Category 1,PZT_5P12_2_SIGN,3x-35,3,PZT_5P12_2 Верхн. предупр. порог,255:215:0
1: Category 1,PZT_5P12_2_SIGN,3x-35,4,PZT_5P12_2 Нижн. предупр. порог,255:215:0
0: Category 0,PZT_5P12_2_SIGN,3x-35,5,PZT_5P12_2 В диапазоне уставок,
0: Category 0,PZT_5P12_2_QUALITY,3x-34,0,КАНАЛ PZT_5P12_2 - Неопред.,
2: Category 2,PZT_5P12_2_QUALITY,3x-34,1,КАНАЛ PZT_5P12_2 - Ошибка,255:0:0
2: Category 2,PZT_5P12_2_QUALITY,3x-34,2,КАНАЛ PZT_5P12_2 - Обрыв,255:0:0
2: Category 2,PZT_5P12_2_QUALITY,3x-34,3,КАНАЛ PZT_5P12_2 - Перегрузка,255:0:0
1: Category 1,PZT_5P12_2_QUALITY,3x-34,7,КАНАЛ PZT_5P12_2 - Подмена,255:215:0
0: Category 0,PZT_5P12_2_QUALITY,3x-34,9,КАНАЛ PZT_5P12_2 - ОК,
0: Category 0,LZT_5L11_1_SIGN,3x-40,0,LZT_5L11_1 Неопределено,
2: Category 2,LZT_5L11_1_SIGN,3x-40,1,LZT_5L11_1 Верхн. авар. порог,255:0:0
2: Category 2,LZT_5L11_1_SIGN,3x-40,2,LZT_5L11_1 Нижн. авар. порог,255:0:0
1: Category 1,LZT_5L11_1_SIGN,3x-40,3,LZT_5L11_1 Верхн. предупр. порог,255:215:0
1: Category 1,LZT_5L11_1_SIGN,3x-40,4,LZT_5L11_1 Нижн. предупр. порог,255:215:0
0: Category 0,LZT_5L11_1_SIGN,3x-40,5,LZT_5L11_1 В диапазоне уставок,
0: Category 0,LZT_5L11_1_QUALITY,3x-39,0,КАНАЛ LZT_5L11_1 - Неопред.,
2: Category 2,LZT_5L11_1_QUALITY,3x-39,1,КАНАЛ LZT_5L11_1 - Ошибка,255:0:0
2: Category 2,LZT_5L11_1_QUALITY,3x-39,2,КАНАЛ LZT_5L11_1 - Обрыв,255:0:0
2: Category 2,LZT_5L11_1_QUALITY,3x-39,3,КАНАЛ LZT_5L11_1 - Перегрузка,255:0:0
1: Category 1,LZT_5L11_1_QUALITY,3x-39,7,КАНАЛ LZT_5L11_1 - Подмена,255:215:0
0: Category 0,LZT_5L11_1_QUALITY,3x-39,9,КАНАЛ LZT_5L11_1 - ОК,
0: Category 0,LZT_5L11_2_SIGN,3x-45,0,LZT_5L11_2 Неопределено,
2: Category 2,LZT_5L11_2_SIGN,3x-45,1,LZT_5L11_2 Верхн. авар. порог,255:0:0
2: Category 2,LZT_5L11_2_SIGN,3x-45,2,LZT_5L11_2 Нижн. авар. порог,255:0:0
1: Category 1,LZT_5L11_2_SIGN,3x-45,3,LZT_5L11_2 Верхн. предупр. порог,255:215:0
1: Category 1,LZT_5L11_2_SIGN,3x-45,4,LZT_5L11_2 Нижн. предупр. порог,255:215:0
0: Category 0,LZT_5L11_2_SIGN,3x-45,5,LZT_5L11_2 В диапазоне уставок,
0: Category 0,LZT_5L11_2_QUALITY,3x-44,0,КАНАЛ LZT_5L11_2 - Неопред.,
2: Category 2,LZT_5L11_2_QUALITY,3x-44,1,КАНАЛ LZT_5L11_2 - Ошибка,255:0:0
2: Category 2,LZT_5L11_2_QUALITY,3x-44,2,КАНАЛ LZT_5L11_2 - Обрыв,255:0:0
2: Category 2,LZT_5L11_2_QUALITY,3x-44,3,КАНАЛ LZT_5L11_2 - Перегрузка,255:0:0
1: Category 1,LZT_5L11_2_QUALITY,3x-44,7,КАНАЛ LZT_5L11_2 - Подмена,255:215:0
0: Category 0,LZT_5L11_2_QUALITY,3x-44,9,КАНАЛ LZT_5L11_2 - ОК,
0: Category 0,TZT_5T11_1_SIGN,3x-50,0,TZT_5T11_1 Неопределено,
2: Category 2,TZT_5T11_1_SIGN,3x-50,1,TZT_5T11_1 Верхн. авар. порог,255:0:0
2: Category 2,TZT_5T11_1_SIGN,3x-50,2,TZT_5T11_1 Нижн. авар. порог,255:0:0
1: Category 1,TZT_5T11_1_SIGN,3x-50,3,TZT_5T11_1 Верхн. предупр. порог,255:215:0
1: Category 1,TZT_5T11_1_SIGN,3x-50,4,TZT_5T11_1 Нижн. предупр. порог,255:215:0
0: Category 0,TZT_5T11_1_SIGN,3x-50,5,TZT_5T11_1 В диапазоне уставок,
0: Category 0,TZT_5T11_1_QUALITY,3x-49,0,КАНАЛ TZT_5T11_1 - Неопред.,
2: Category 2,TZT_5T11_1_QUALITY,3x-49,1,КАНАЛ TZT_5T11_1 - Ошибка,255:0:0
2: Category 2,TZT_5T11_1_QUALITY,3x-49,2,КАНАЛ TZT_5T11_1 - Обрыв,255:0:0
2: Category 2,TZT_5T11_1_QUALITY,3x-49,3,КАНАЛ TZT_5T11_1 - Перегрузка,255:0:0
1: Category 1,TZT_5T11_1_QUALITY,3x-49,7,КАНАЛ TZT_5T11_1 - Подмена,255:215:0
0: Category 0,TZT_5T11_1_QUALITY,3x-49,9,КАНАЛ TZT_5T11_1 - ОК,
0: Category 0,TZT_5T11_2_SIGN,3x-55,0,TZT_5T11_2 Неопределено,
2: Category 2,TZT_5T11_2_SIGN,3x-55,1,TZT_5T11_2 Верхн. авар. порог,255:0:0
2: Category 2,TZT_5T11_2_SIGN,3x-55,2,TZT_5T11_2 Нижн. авар. порог,255:0:0
1: Category 1,TZT_5T11_2_SIGN,3x-55,3,TZT_5T11_2 Верхн. предупр. порог,255:215:0
1: Category 1,TZT_5T11_2_SIGN,3x-55,4,TZT_5T11_2 Нижн. предупр. порог,255:215:0
0: Category 0,TZT_5T11_2_SIGN,3x-55,5,TZT_5T11_2 В диапазоне уставок,
0: Category 0,TZT_5T11_2_QUALITY,3x-54,0,КАНАЛ TZT_5T11_2 - Неопред.,
2: Category 2,TZT_5T11_2_QUALITY,3x-54,1,КАНАЛ TZT_5T11_2 - Ошибка,255:0:0
2: Category 2,TZT_5T11_2_QUALITY,3x-54,2,КАНАЛ TZT_5T11_2 - Обрыв,255:0:0
2: Category 2,TZT_5T11_2_QUALITY,3x-54,3,КАНАЛ TZT_5T11_2 - Перегрузка,255:0:0
1: Category 1,TZT_5T11_2_QUALITY,3x-54,7,КАНАЛ TZT_5T11_2 - Подмена,255:215:0
0: Category 0,TZT_5T11_2_QUALITY,3x-54,9,КАНАЛ TZT_5T11_2 - ОК,
0: Category 0,PZT_5P13_1_SIGN,3x-60,0,PZT_5P13_1 Неопределено,
2: Category 2,PZT_5P13_1_SIGN,3x-60,1,PZT_5P13_1 Верхн. авар. порог,255:0:0
2: Category 2,PZT_5P13_1_SIGN,3x-60,2,PZT_5P13_1 Нижн. авар. порог,255:0:0
1: Category 1,PZT_5P13_1_SIGN,3x-60,3,PZT_5P13_1 Верхн. предупр. порог,255:215:0
1: Category 1,PZT_5P13_1_SIGN,3x-60,4,PZT_5P13_1 Нижн. предупр. порог,255:215:0
0: Category 0,PZT_5P13_1_SIGN,3x-60,5,PZT_5P13_1 В диапазоне уставок,
0: Category 0,PZT_5P13_1_QUALITY,3x-59,0,КАНАЛ PZT_5P13_1 - Неопред.,
2: Category 2,PZT_5P13_1_QUALITY,3x-59,1,КАНАЛ PZT_5P13_1 - Ошибка,255:0:0
2: Category 2,PZT_5P13_1_QUALITY,3x-59,2,КАНАЛ PZT_5P13_1 - Обрыв,255:0:0
2: Category 2,PZT_5P13_1_QUALITY,3x-59,3,КАНАЛ PZT_5P13_1 - Перегрузка,255:0:0
1: Category 1,PZT_5P13_1_QUALITY,3x-59,7,КАНАЛ PZT_5P13_1 - Подмена,255:215:0
0: Category 0,PZT_5P13_1_QUALITY,3x-59,9,КАНАЛ PZT_5P13_1 - ОК,
0: Category 0,PZT_5P13_2_SIGN,3x-65,0,PZT_5P13_2 Неопределено,
2: Category 2,PZT_5P13_2_SIGN,3x-65,1,PZT_5P13_2 Верхн. авар. порог,255:0:0
2: Category 2,PZT_5P13_2_SIGN,3x-65,2,PZT_5P13_2 Нижн. авар. порог,255:0:0
1: Category 1,PZT_5P13_2_SIGN,3x-65,3,PZT_5P13_2 Верхн. предупр. порог,255:215:0
1: Category 1,PZT_5P13_2_SIGN,3x-65,4,PZT_5P13_2 Нижн. предупр. порог,255:215:0
0: Category 0,PZT_5P13_2_SIGN,3x-65,5,PZT_5P13_2 В диапазоне уставок,
0: Category 0,PZT_5P13_2_QUALITY,3x-64,0,КАНАЛ PZT_5P13_2 - Неопред.,
2: Category 2,PZT_5P13_2_QUALITY,3x-64,1,КАНАЛ PZT_5P13_2 - Ошибка,255:0:0
2: Category 2,PZT_5P13_2_QUALITY,3x-64,2,КАНАЛ PZT_5P13_2 - Обрыв,255:0:0
2: Category 2,PZT_5P13_2_QUALITY,3x-64,3,КАНАЛ PZT_5P13_2 - Перегрузка,255:0:0
1: Category 1,PZT_5P13_2_QUALITY,3x-64,7,КАНАЛ PZT_5P13_2 - Подмена,255:215:0
0: Category 0,PZT_5P13_2_QUALITY,3x-64,9,КАНАЛ PZT_5P13_2 - ОК,
0: Category 0,LZT_5L12_1_SIGN,3x-70,0,LZT_5L12_1 Неопределено,
2: Category 2,LZT_5L12_1_SIGN,3x-70,1,LZT_5L12_1 Верхн. авар. порог,255:0:0
2: Category 2,LZT_5L12_1_SIGN,3x-70,2,LZT_5L12_1 Нижн. авар. порог,255:0:0
1: Category 1,LZT_5L12_1_SIGN,3x-70,3,LZT_5L12_1 Верхн. предупр. порог,255:215:0
1: Category 1,LZT_5L12_1_SIGN,3x-70,4,LZT_5L12_1 Нижн. предупр. порог,255:215:0
0: Category 0,LZT_5L12_1_SIGN,3x-70,5,LZT_5L12_1 В диапазоне уставок,
0: Category 0,LZT_5L12_1_QUALITY,3x-69,0,КАНАЛ LZT_5L12_1 - Неопред.,
2: Category 2,LZT_5L12_1_QUALITY,3x-69,1,КАНАЛ LZT_5L12_1 - Ошибка,255:0:0
2: Category 2,LZT_5L12_1_QUALITY,3x-69,2,КАНАЛ LZT_5L12_1 - Обрыв,255:0:0
2: Category 2,LZT_5L12_1_QUALITY,3x-69,3,КАНАЛ LZT_5L12_1 - Перегрузка,255:0:0
1: Category 1,LZT_5L12_1_QUALITY,3x-69,7,КАНАЛ LZT_5L12_1 - Подмена,255:215:0
0: Category 0,LZT_5L12_1_QUALITY,3x-69,9,КАНАЛ LZT_5L12_1 - ОК,
0: Category 0,LZT_5L12_2_SIGN,3x-75,0,LZT_5L12_2 Неопределено,
2: Category 2,LZT_5L12_2_SIGN,3x-75,1,LZT_5L12_2 Верхн. авар. порог,255:0:0
2: Category 2,LZT_5L12_2_SIGN,3x-75,2,LZT_5L12_2 Нижн. авар. порог,255:0:0
1: Category 1,LZT_5L12_2_SIGN,3x-75,3,LZT_5L12_2 Верхн. предупр. порог,255:215:0
1: Category 1,LZT_5L12_2_SIGN,3x-75,4,LZT_5L12_2 Нижн. предупр. порог,255:215:0
0: Category 0,LZT_5L12_2_SIGN,3x-75,5,LZT_5L12_2 В диапазоне уставок,
0: Category 0,LZT_5L12_2_QUALITY,3x-74,0,КАНАЛ LZT_5L12_2 - Неопред.,
2: Category 2,LZT_5L12_2_QUALITY,3x-74,1,КАНАЛ LZT_5L12_2 - Ошибка,255:0:0
2: Category 2,LZT_5L12_2_QUALITY,3x-74,2,КАНАЛ LZT_5L12_2 - Обрыв,255:0:0
2: Category 2,LZT_5L12_2_QUALITY,3x-74,3,КАНАЛ LZT_5L12_2 - Перегрузка,255:0:0
1: Category 1,LZT_5L12_2_QUALITY,3x-74,7,КАНАЛ LZT_5L12_2 - Подмена,255:215:0
0: Category 0,LZT_5L12_2_QUALITY,3x-74,9,КАНАЛ LZT_5L12_2 - ОК,
0: Category 0,TZT_5T12_1_SIGN,3x-80,0,TZT_5T12_1 Неопределено,
2: Category 2,TZT_5T12_1_SIGN,3x-80,1,TZT_5T12_1 Верхн. авар. порог,255:0:0
2: Category 2,TZT_5T12_1_SIGN,3x-80,2,TZT_5T12_1 Нижн. авар. порог,255:0:0
1: Category 1,TZT_5T12_1_SIGN,3x-80,3,TZT_5T12_1 Верхн. предупр. порог,255:215:0
1: Category 1,TZT_5T12_1_SIGN,3x-80,4,TZT_5T12_1 Нижн. предупр. порог,255:215:0
0: Category 0,TZT_5T12_1_SIGN,3x-80,5,TZT_5T12_1 В диапазоне уставок,
0: Category 0,TZT_5T12_1_QUALITY,3x-79,0,КАНАЛ TZT_5T12_1 - Неопред.,
2: Category 2,TZT_5T12_1_QUALITY,3x-79,1,КАНАЛ TZT_5T12_1 - Ошибка,255:0:0
2: Category 2,TZT_5T12_1_QUALITY,3x-79,2,КАНАЛ TZT_5T12_1 - Обрыв,255:0:0
2: Category 2,TZT_5T12_1_QUALITY,3x-79,3,КАНАЛ TZT_5T12_1 - Перегрузка,255:0:0
1: Category 1,TZT_5T12_1_QUALITY,3x-79,7,КАНАЛ TZT_5T12_1 - Подмена,255:215:0
0: Category 0,TZT_5T12_1_QUALITY,3x-79,9,КАНАЛ TZT_5T12_1 - ОК,
0: Category 0,TZT_5T12_2_SIGN,3x-85,0,TZT_5T12_2 Неопределено,
2: Category 2,TZT_5T12_2_SIGN,3x-85,1,TZT_5T12_2 Верхн. авар. порог,255:0:0
2: Category 2,TZT_5T12_2_SIGN,3x-85,2,TZT_5T12_2 Нижн. авар. порог,255:0:0
1: Category 1,TZT_5T12_2_SIGN,3x-85,3,TZT_5T12_2 Верхн. предупр. порог,255:215:0
1: Category 1,TZT_5T12_2_SIGN,3x-85,4,TZT_5T12_2 Нижн. предупр. порог,255:215:0
0: Category 0,TZT_5T12_2_SIGN,3x-85,5,TZT_5T12_2 В диапазоне уставок,
0: Category 0,TZT_5T12_2_QUALITY,3x-84,0,КАНАЛ TZT_5T12_2 - Неопред.,
2: Category 2,TZT_5T12_2_QUALITY,3x-84,1,КАНАЛ TZT_5T12_2 - Ошибка,255:0:0
2: Category 2,TZT_5T12_2_QUALITY,3x-84,2,КАНАЛ TZT_5T12_2 - Обрыв,255:0:0
2: Category 2,TZT_5T12_2_QUALITY,3x-84,3,КАНАЛ TZT_5T12_2 - Перегрузка,255:0:0
1: Category 1,TZT_5T12_2_QUALITY,3x-84,7,КАНАЛ TZT_5T12_2 - Подмена,255:215:0
0: Category 0,TZT_5T12_2_QUALITY,3x-84,9,КАНАЛ TZT_5T12_2 - ОК,
0: Category 0,PZT_5P14_1_SIGN,3x-90,0,PZT_5P14_1 Неопределено,
2: Category 2,PZT_5P14_1_SIGN,3x-90,1,PZT_5P14_1 Верхн. авар. порог,255:0:0
2: Category 2,PZT_5P14_1_SIGN,3x-90,2,PZT_5P14_1 Нижн. авар. порог,255:0:0
1: Category 1,PZT_5P14_1_SIGN,3x-90,3,PZT_5P14_1 Верхн. предупр. порог,255:215:0
1: Category 1,PZT_5P14_1_SIGN,3x-90,4,PZT_5P14_1 Нижн. предупр. порог,255:215:0
0: Category 0,PZT_5P14_1_SIGN,3x-90,5,PZT_5P14_1 В диапазоне уставок,
0: Category 0,PZT_5P14_1_QUALITY,3x-89,0,КАНАЛ PZT_5P14_1 - Неопред.,
2: Category 2,PZT_5P14_1_QUALITY,3x-89,1,КАНАЛ PZT_5P14_1 - Ошибка,255:0:0
2: Category 2,PZT_5P14_1_QUALITY,3x-89,2,КАНАЛ PZT_5P14_1 - Обрыв,255:0:0
2: Category 2,PZT_5P14_1_QUALITY,3x-89,3,КАНАЛ PZT_5P14_1 - Перегрузка,255:0:0
1: Category 1,PZT_5P14_1_QUALITY,3x-89,7,КАНАЛ PZT_5P14_1 - Подмена,255:215:0
0: Category 0,PZT_5P14_1_QUALITY,3x-89,9,КАНАЛ PZT_5P14_1 - ОК,
0: Category 0,PZT_5P14_2_SIGN,3x-95,0,PZT_5P14_2 Неопределено,
2: Category 2,PZT_5P14_2_SIGN,3x-95,1,PZT_5P14_2 Верхн. авар. порог,255:0:0
2: Category 2,PZT_5P14_2_SIGN,3x-95,2,PZT_5P14_2 Нижн. авар. порог,255:0:0
1: Category 1,PZT_5P14_2_SIGN,3x-95,3,PZT_5P14_2 Верхн. предупр. порог,255:215:0
1: Category 1,PZT_5P14_2_SIGN,3x-95,4,PZT_5P14_2 Нижн. предупр. порог,255:215:0
0: Category 0,PZT_5P14_2_SIGN,3x-95,5,PZT_5P14_2 В диапазоне уставок,
0: Category 0,PZT_5P14_2_QUALITY,3x-94,0,КАНАЛ PZT_5P14_2 - Неопред.,
2: Category 2,PZT_5P14_2_QUALITY,3x-94,1,КАНАЛ PZT_5P14_2 - Ошибка,255:0:0
2: Category 2,PZT_5P14_2_QUALITY,3x-94,2,КАНАЛ PZT_5P14_2 - Обрыв,255:0:0
2: Category 2,PZT_5P14_2_QUALITY,3x-94,3,КАНАЛ PZT_5P14_2 - Перегрузка,255:0:0
1: Category 1,PZT_5P14_2_QUALITY,3x-94,7,КАНАЛ PZT_5P14_2 - Подмена,255:215:0
0: Category 0,PZT_5P14_2_QUALITY,3x-94,9,КАНАЛ PZT_5P14_2 - ОК,
0: Category 0,LZT_5L13_1_SIGN,3x-100,0,LZT_5L13_1 Неопределено,
2: Category 2,LZT_5L13_1_SIGN,3x-100,1,LZT_5L13_1 Верхн. авар. порог,255:0:0
2: Category 2,LZT_5L13_1_SIGN,3x-100,2,LZT_5L13_1 Нижн. авар. порог,255:0:0
1: Category 1,LZT_5L13_1_SIGN,3x-100,3,LZT_5L13_1 Верхн. предупр. порог,255:215:0
1: Category 1,LZT_5L13_1_SIGN,3x-100,4,LZT_5L13_1 Нижн. предупр. порог,255:215:0
0: Category 0,LZT_5L13_1_SIGN,3x-100,5,LZT_5L13_1 В диапазоне уставок,
0: Category 0,LZT_5L13_1_QUALITY,3x-99,0,КАНАЛ LZT_5L13_1 - Неопред.,
2: Category 2,LZT_5L13_1_QUALITY,3x-99,1,КАНАЛ LZT_5L13_1 - Ошибка,255:0:0
2: Category 2,LZT_5L13_1_QUALITY,3x-99,2,КАНАЛ LZT_5L13_1 - Обрыв,255:0:0
2: Category 2,LZT_5L13_1_QUALITY,3x-99,3,КАНАЛ LZT_5L13_1 - Перегрузка,255:0:0
1: Category 1,LZT_5L13_1_QUALITY,3x-99,7,КАНАЛ LZT_5L13_1 - Подмена,255:215:0
0: Category 0,LZT_5L13_1_QUALITY,3x-99,9,КАНАЛ LZT_5L13_1 - ОК,
0: Category 0,LZT_5L13_2_SIGN,3x-105,0,LZT_5L13_2 Неопределено,
2: Category 2,LZT_5L13_2_SIGN,3x-105,1,LZT_5L13_2 Верхн. авар. порог,255:0:0
2: Category 2,LZT_5L13_2_SIGN,3x-105,2,LZT_5L13_2 Нижн. авар. порог,255:0:0
1: Category 1,LZT_5L13_2_SIGN,3x-105,3,LZT_5L13_2 Верхн. предупр. порог,255:215:0
1: Category 1,LZT_5L13_2_SIGN,3x-105,4,LZT_5L13_2 Нижн. предупр. порог,255:215:0
0: Category 0,LZT_5L13_2_SIGN,3x-105,5,LZT_5L13_2 В диапазоне уставок,
0: Category 0,LZT_5L13_2_QUALITY,3x-104,0,КАНАЛ LZT_5L13_2 - Неопред.,
2: Category 2,LZT_5L13_2_QUALITY,3x-104,1,КАНАЛ LZT_5L13_2 - Ошибка,255:0:0
2: Category 2,LZT_5L13_2_QUALITY,3x-104,2,КАНАЛ LZT_5L13_2 - Обрыв,255:0:0
2: Category 2,LZT_5L13_2_QUALITY,3x-104,3,КАНАЛ LZT_5L13_2 - Перегрузка,255:0:0
1: Category 1,LZT_5L13_2_QUALITY,3x-104,7,КАНАЛ LZT_5L13_2 - Подмена,255:215:0
0: Category 0,LZT_5L13_2_QUALITY,3x-104,9,КАНАЛ LZT_5L13_2 - ОК,
0: Category 0,TZT_5T13_1_SIGN,3x-110,0,TZT_5T13_1 Неопределено,
2: Category 2,TZT_5T13_1_SIGN,3x-110,1,TZT_5T13_1 Верхн. авар. порог,255:0:0
2: Category 2,TZT_5T13_1_SIGN,3x-110,2,TZT_5T13_1 Нижн. авар. порог,255:0:0
1: Category 1,TZT_5T13_1_SIGN,3x-110,3,TZT_5T13_1 Верхн. предупр. порог,255:215:0
1: Category 1,TZT_5T13_1_SIGN,3x-110,4,TZT_5T13_1 Нижн. предупр. порог,255:215:0
0: Category 0,TZT_5T13_1_SIGN,3x-110,5,TZT_5T13_1 В диапазоне уставок,
0: Category 0,TZT_5T13_1_QUALITY,3x-109,0,КАНАЛ TZT_5T13_1 - Неопред.,
2: Category 2,TZT_5T13_1_QUALITY,3x-109,1,КАНАЛ TZT_5T13_1 - Ошибка,255:0:0
2: Category 2,TZT_5T13_1_QUALITY,3x-109,2,КАНАЛ TZT_5T13_1 - Обрыв,255:0:0
2: Category 2,TZT_5T13_1_QUALITY,3x-109,3,КАНАЛ TZT_5T13_1 - Перегрузка,255:0:0
1: Category 1,TZT_5T13_1_QUALITY,3x-109,7,КАНАЛ TZT_5T13_1 - Подмена,255:215:0
0: Category 0,TZT_5T13_1_QUALITY,3x-109,9,КАНАЛ TZT_5T13_1 - ОК,
0: Category 0,TZT_5T13_2_SIGN,3x-115,0,TZT_5T13_2 Неопределено,
2: Category 2,TZT_5T13_2_SIGN,3x-115,1,TZT_5T13_2 Верхн. авар. порог,255:0:0
2: Category 2,TZT_5T13_2_SIGN,3x-115,2,TZT_5T13_2 Нижн. авар. порог,255:0:0
1: Category 1,TZT_5T13_2_SIGN,3x-115,3,TZT_5T13_2 Верхн. предупр. порог,255:215:0
1: Category 1,TZT_5T13_2_SIGN,3x-115,4,TZT_5T13_2 Нижн. предупр. порог,255:215:0
0: Category 0,TZT_5T13_2_SIGN,3x-115,5,TZT_5T13_2 В диапазоне уставок,
0: Category 0,TZT_5T13_2_QUALITY,3x-114,0,КАНАЛ TZT_5T13_2 - Неопред.,
2: Category 2,TZT_5T13_2_QUALITY,3x-114,1,КАНАЛ TZT_5T13_2 - Ошибка,255:0:0
2: Category 2,TZT_5T13_2_QUALITY,3x-114,2,КАНАЛ TZT_5T13_2 - Обрыв,255:0:0
2: Category 2,TZT_5T13_2_QUALITY,3x-114,3,КАНАЛ TZT_5T13_2 - Перегрузка,255:0:0
1: Category 1,TZT_5T13_2_QUALITY,3x-114,7,КАНАЛ TZT_5T13_2 - Подмена,255:215:0
0: Category 0,TZT_5T13_2_QUALITY,3x-114,9,КАНАЛ TZT_5T13_2 - ОК,
0: Category 0,PZT_5P15_1_SIGN,3x-120,0,PZT_5P15_1 Неопределено,
2: Category 2,PZT_5P15_1_SIGN,3x-120,1,PZT_5P15_1 Верхн. авар. порог,255:0:0
2: Category 2,PZT_5P15_1_SIGN,3x-120,2,PZT_5P15_1 Нижн. авар. порог,255:0:0
1: Category 1,PZT_5P15_1_SIGN,3x-120,3,PZT_5P15_1 Верхн. предупр. порог,255:215:0
1: Category 1,PZT_5P15_1_SIGN,3x-120,4,PZT_5P15_1 Нижн. предупр. порог,255:215:0
0: Category 0,PZT_5P15_1_SIGN,3x-120,5,PZT_5P15_1 В диапазоне уставок,
0: Category 0,PZT_5P15_1_QUALITY,3x-119,0,КАНАЛ PZT_5P15_1 - Неопред.,
2: Category 2,PZT_5P15_1_QUALITY,3x-119,1,КАНАЛ PZT_5P15_1 - Ошибка,255:0:0
2: Category 2,PZT_5P15_1_QUALITY,3x-119,2,КАНАЛ PZT_5P15_1 - Обрыв,255:0:0
2: Category 2,PZT_5P15_1_QUALITY,3x-119,3,КАНАЛ PZT_5P15_1 - Перегрузка,255:0:0
1: Category 1,PZT_5P15_1_QUALITY,3x-119,7,КАНАЛ PZT_5P15_1 - Подмена,255:215:0
0: Category 0,PZT_5P15_1_QUALITY,3x-119,9,КАНАЛ PZT_5P15_1 - ОК,
0: Category 0,PZT_5P15_2_SIGN,3x-125,0,PZT_5P15_2 Неопределено,
2: Category 2,PZT_5P15_2_SIGN,3x-125,1,PZT_5P15_2 Верхн. авар. порог,255:0:0
2: Category 2,PZT_5P15_2_SIGN,3x-125,2,PZT_5P15_2 Нижн. авар. порог,255:0:0
1: Category 1,PZT_5P15_2_SIGN,3x-125,3,PZT_5P15_2 Верхн. предупр. порог,255:215:0
1: Category 1,PZT_5P15_2_SIGN,3x-125,4,PZT_5P15_2 Нижн. предупр. порог,255:215:0
0: Category 0,PZT_5P15_2_SIGN,3x-125,5,PZT_5P15_2 В диапазоне уставок,
0: Category 0,PZT_5P15_2_QUALITY,3x-124,0,КАНАЛ PZT_5P15_2 - Неопред.,
2: Category 2,PZT_5P15_2_QUALITY,3x-124,1,КАНАЛ PZT_5P15_2 - Ошибка,255:0:0
2: Category 2,PZT_5P15_2_QUALITY,3x-124,2,КАНАЛ PZT_5P15_2 - Обрыв,255:0:0
2: Category 2,PZT_5P15_2_QUALITY,3x-124,3,КАНАЛ PZT_5P15_2 - Перегрузка,255:0:0
1: Category 1,PZT_5P15_2_QUALITY,3x-124,7,КАНАЛ PZT_5P15_2 - Подмена,255:215:0
0: Category 0,PZT_5P15_2_QUALITY,3x-124,9,КАНАЛ PZT_5P15_2 - ОК,
0: Category 0,LT_5L2_SIGN,3x-130,0,LT_5L2 Неопределено,
2: Category 2,LT_5L2_SIGN,3x-130,1,LT_5L2 Верхн. авар. порог,255:0:0
2: Category 2,LT_5L2_SIGN,3x-130,2,LT_5L2 Нижн. авар. порог,255:0:0
1: Category 1,LT_5L2_SIGN,3x-130,3,LT_5L2 Верхн. предупр. порог,255:215:0
1: Category 1,LT_5L2_SIGN,3x-130,4,LT_5L2 Нижн. предупр. порог,255:215:0
0: Category 0,LT_5L2_SIGN,3x-130,5,LT_5L2 В диапазоне уставок,
0: Category 0,LT_5L2_QUALITY,3x-129,0,КАНАЛ LT_5L2 - Неопред.,
2: Category 2,LT_5L2_QUALITY,3x-129,1,КАНАЛ LT_5L2 - Ошибка,255:0:0
2: Category 2,LT_5L2_QUALITY,3x-129,2,КАНАЛ LT_5L2 - Обрыв,255:0:0
2: Category 2,LT_5L2_QUALITY,3x-129,3,КАНАЛ LT_5L2 - Перегрузка,255:0:0
1: Category 1,LT_5L2_QUALITY,3x-129,7,КАНАЛ LT_5L2 - Подмена,255:215:0
0: Category 0,LT_5L2_QUALITY,3x-129,9,КАНАЛ LT_5L2 - ОК,
0: Category 0,LT_5L3_SIGN,3x-135,0,LT_5L3 Неопределено,
2: Category 2,LT_5L3_SIGN,3x-135,1,LT_5L3 Верхн. авар. порог,255:0:0
2: Category 2,LT_5L3_SIGN,3x-135,2,LT_5L3 Нижн. авар. порог,255:0:0
1: Category 1,LT_5L3_SIGN,3x-135,3,LT_5L3 Верхн. предупр. порог,255:215:0
1: Category 1,LT_5L3_SIGN,3x-135,4,LT_5L3 Нижн. предупр. порог,255:215:0
0: Category 0,LT_5L3_SIGN,3x-135,5,LT_5L3 В диапазоне уставок,
0: Category 0,LT_5L3_QUALITY,3x-134,0,КАНАЛ LT_5L3 - Неопред.,
2: Category 2,LT_5L3_QUALITY,3x-134,1,КАНАЛ LT_5L3 - Ошибка,255:0:0
2: Category 2,LT_5L3_QUALITY,3x-134,2,КАНАЛ LT_5L3 - Обрыв,255:0:0
2: Category 2,LT_5L3_QUALITY,3x-134,3,КАНАЛ LT_5L3 - Перегрузка,255:0:0
1: Category 1,LT_5L3_QUALITY,3x-134,7,КАНАЛ LT_5L3 - Подмена,255:215:0
0: Category 0,LT_5L3_QUALITY,3x-134,9,КАНАЛ LT_5L3 - ОК,
0: Category 0,LT_5L4_SIGN,3x-140,0,LT_5L4 Неопределено,
2: Category 2,LT_5L4_SIGN,3x-140,1,LT_5L4 Верхн. авар. порог,255:0:0
2: Category 2,LT_5L4_SIGN,3x-140,2,LT_5L4 Нижн. авар. порог,255:0:0
1: Category 1,LT_5L4_SIGN,3x-140,3,LT_5L4 Верхн. предупр. порог,255:215:0
1: Category 1,LT_5L4_SIGN,3x-140,4,LT_5L4 Нижн. предупр. порог,255:215:0
0: Category 0,LT_5L4_SIGN,3x-140,5,LT_5L4 В диапазоне уставок,
0: Category 0,LT_5L4_QUALITY,3x-139,0,КАНАЛ LT_5L4 - Неопред.,
2: Category 2,LT_5L4_QUALITY,3x-139,1,КАНАЛ LT_5L4 - Ошибка,255:0:0
2: Category 2,LT_5L4_QUALITY,3x-139,2,КАНАЛ LT_5L4 - Обрыв,255:0:0
2: Category 2,LT_5L4_QUALITY,3x-139,3,КАНАЛ LT_5L4 - Перегрузка,255:0:0
1: Category 1,LT_5L4_QUALITY,3x-139,7,КАНАЛ LT_5L4 - Подмена,255:215:0
0: Category 0,LT_5L4_QUALITY,3x-139,9,КАНАЛ LT_5L4 - ОК,
0: Category 0,PZT_5P10_1_SIGN,3x-145,0,PZT_5P10_1 Неопределено,
2: Category 2,PZT_5P10_1_SIGN,3x-145,1,PZT_5P10_1 Верхн. авар. порог,255:0:0
2: Category 2,PZT_5P10_1_SIGN,3x-145,2,PZT_5P10_1 Нижн. авар. порог,255:0:0
1: Category 1,PZT_5P10_1_SIGN,3x-145,3,PZT_5P10_1 Верхн. предупр. порог,255:215:0
1: Category 1,PZT_5P10_1_SIGN,3x-145,4,PZT_5P10_1 Нижн. предупр. порог,255:215:0
0: Category 0,PZT_5P10_1_SIGN,3x-145,5,PZT_5P10_1 В диапазоне уставок,
0: Category 0,PZT_5P10_1_QUALITY,3x-144,0,КАНАЛ PZT_5P10_1 - Неопред.,
2: Category 2,PZT_5P10_1_QUALITY,3x-144,1,КАНАЛ PZT_5P10_1 - Ошибка,255:0:0
2: Category 2,PZT_5P10_1_QUALITY,3x-144,2,КАНАЛ PZT_5P10_1 - Обрыв,255:0:0
2: Category 2,PZT_5P10_1_QUALITY,3x-144,3,КАНАЛ PZT_5P10_1 - Перегрузка,255:0:0
1: Category 1,PZT_5P10_1_QUALITY,3x-144,7,КАНАЛ PZT_5P10_1 - Подмена,255:215:0
0: Category 0,PZT_5P10_1_QUALITY,3x-144,9,КАНАЛ PZT_5P10_1 - ОК,
0: Category 0,PZT_5P10_2_SIGN,3x-150,0,PZT_5P10_2 Неопределено,
2: Category 2,PZT_5P10_2_SIGN,3x-150,1,PZT_5P10_2 Верхн. авар. порог,255:0:0
2: Category 2,PZT_5P10_2_SIGN,3x-150,2,PZT_5P10_2 Нижн. авар. порог,255:0:0
1: Category 1,PZT_5P10_2_SIGN,3x-150,3,PZT_5P10_2 Верхн. предупр. порог,255:215:0
1: Category 1,PZT_5P10_2_SIGN,3x-150,4,PZT_5P10_2 Нижн. предупр. порог,255:215:0
0: Category 0,PZT_5P10_2_SIGN,3x-150,5,PZT_5P10_2 В диапазоне уставок,
0: Category 0,PZT_5P10_2_QUALITY,3x-149,0,КАНАЛ PZT_5P10_2 - Неопред.,
2: Category 2,PZT_5P10_2_QUALITY,3x-149,1,КАНАЛ PZT_5P10_2 - Ошибка,255:0:0
2: Category 2,PZT_5P10_2_QUALITY,3x-149,2,КАНАЛ PZT_5P10_2 - Обрыв,255:0:0
2: Category 2,PZT_5P10_2_QUALITY,3x-149,3,КАНАЛ PZT_5P10_2 - Перегрузка,255:0:0
1: Category 1,PZT_5P10_2_QUALITY,3x-149,7,КАНАЛ PZT_5P10_2 - Подмена,255:215:0
0: Category 0,PZT_5P10_2_QUALITY,3x-149,9,КАНАЛ PZT_5P10_2 - ОК,
0: Category 0,PZT_5P11_1_SIGN,3x-155,0,PZT_5P11_1 Неопределено,
2: Category 2,PZT_5P11_1_SIGN,3x-155,1,PZT_5P11_1 Верхн. авар. порог,255:0:0
2: Category 2,PZT_5P11_1_SIGN,3x-155,2,PZT_5P11_1 Нижн. авар. порог,255:0:0
1: Category 1,PZT_5P11_1_SIGN,3x-155,3,PZT_5P11_1 Верхн. предупр. порог,255:215:0
1: Category 1,PZT_5P11_1_SIGN,3x-155,4,PZT_5P11_1 Нижн. предупр. порог,255:215:0
0: Category 0,PZT_5P11_1_SIGN,3x-155,5,PZT_5P11_1 В диапазоне уставок,
0: Category 0,PZT_5P11_1_QUALITY,3x-154,0,КАНАЛ PZT_5P11_1 - Неопред.,
2: Category 2,PZT_5P11_1_QUALITY,3x-154,1,КАНАЛ PZT_5P11_1 - Ошибка,255:0:0
2: Category 2,PZT_5P11_1_QUALITY,3x-154,2,КАНАЛ PZT_5P11_1 - Обрыв,255:0:0
2: Category 2,PZT_5P11_1_QUALITY,3x-154,3,КАНАЛ PZT_5P11_1 - Перегрузка,255:0:0
1: Category 1,PZT_5P11_1_QUALITY,3x-154,7,КАНАЛ PZT_5P11_1 - Подмена,255:215:0
0: Category 0,PZT_5P11_1_QUALITY,3x-154,9,КАНАЛ PZT_5P11_1 - ОК,
0: Category 0,PZT_5P11_2_SIGN,3x-160,0,PZT_5P11_2 Неопределено,
2: Category 2,PZT_5P11_2_SIGN,3x-160,1,PZT_5P11_2 Верхн. авар. порог,255:0:0
2: Category 2,PZT_5P11_2_SIGN,3x-160,2,PZT_5P11_2 Нижн. авар. порог,255:0:0
1: Category 1,PZT_5P11_2_SIGN,3x-160,3,PZT_5P11_2 Верхн. предупр. порог,255:215:0
1: Category 1,PZT_5P11_2_SIGN,3x-160,4,PZT_5P11_2 Нижн. предупр. порог,255:215:0
0: Category 0,PZT_5P11_2_SIGN,3x-160,5,PZT_5P11_2 В диапазоне уставок,
0: Category 0,PZT_5P11_2_QUALITY,3x-159,0,КАНАЛ PZT_5P11_2 - Неопред.,
2: Category 2,PZT_5P11_2_QUALITY,3x-159,1,КАНАЛ PZT_5P11_2 - Ошибка,255:0:0
2: Category 2,PZT_5P11_2_QUALITY,3x-159,2,КАНАЛ PZT_5P11_2 - Обрыв,255:0:0
2: Category 2,PZT_5P11_2_QUALITY,3x-159,3,КАНАЛ PZT_5P11_2 - Перегрузка,255:0:0
1: Category 1,PZT_5P11_2_QUALITY,3x-159,7,КАНАЛ PZT_5P11_2 - Подмена,255:215:0
0: Category 0,PZT_5P11_2_QUALITY,3x-159,9,КАНАЛ PZT_5P11_2 - ОК,
