" ",RSU_7_work,RSU_7_start,RSU_7_setStart,RSU_7_stop,RSU_7_stop_post,RSU_7_failure,,," PAZ_7_stop"
N0_1_pump,N0_1_pump_work,ND8_1_pump_start,N0_1_pump_setStart,N10_1_pump_stop,NKC1_2_pump_starts_post,NKC1_2_pump_starts_post,,,N0_1_pump_stop
M003_motor,M003_motor_work,N31_2_pump_start,M003_motor_setStart,EM1_2_motor_stop,,M003_motor_failure,,,N0_2_pump_stop
M004_motor,M004_motor_work,N32_2_pump_start,M004_motor_setStart,N31_2_pump_stop,,M004_motor_failure,,,N2_1_pump_stop
N0_2_pump,N0_2_pump_work,NM1_2_pump_start,N0_2_pump_setStart,N32_2_pump_stop,,N0_2_pump_failure,,,NOT_1_pump_stop
ND1_1_pump,ND1_1_pump_work,ND9_2_pump_start,ND1_1_pump_setStart,ND9_1_pump_stop,,ND1_1_pump_failure,,,NO1_pump_stop
ND1_2_pump,ND1_2_pump_work,EM1_2_motor_start,ND1_2_pump_setStart,,,ND1_2_pump_failure,,,NDG1_1_pump_stop
ND2_1_pump,Hot1_pump_work,ND9_1_pump_start,ND2_1_pump_setStart,,,ND2_1_pump_failure,,,N5_1_pump_stop
ND2_2_pump,ND3_3_pump_work,ND26_1_pump_start,ND2_2_pump_setStart,,,ND2_2_pump_failure,,,N6_2_pump_stop
Hot1_pump,N5_1_pump_work,ND25_1_pump_start,Hot1_pump_setStart,,,Hot1_pump_failure,,,ND7_1_pump_stop
ND3_1_pump,N6_1_pump_work,ND26_2_pump_start,ND3_1_pump_setStart,,,ND3_1_pump_failure,,,ND81_pump_stop
ND3_2_pump,N7_1_pump_work,C2_1_motor_start,ND3_2_pump_setStart,,,ND3_2_pump_failure,,,N31_1_pump_stop
ND3_3_pump,V3_1_motor_work,C2_2_motor_start,ND3_3_pump_setStart,,,ND3_3_pump_failure,,,N31_2_pump_stop
N5_1_pump,E30_1_motor_work,V2_1_motor_start,N5_1_pump_setStart,,,N5_1_pump_failure,,,N10_1_pump_stop
N6_1_pump,N10_1_pump_work,V2_2_motor_start,N6_1_pump_setStart,,,N6_1_pump_failure,,,N32_1_pump_stop
N7_1_pump,NM2_1_pump_work,N20_3_pump_start,N7_1_pump_setStart,,,N7_1_pump_failure,,,pump_paz_stop
V3_1_motor,EM2_1_motor_work,N20_4_pump_start,V3_1_motor_setStart,,,V3_1_motor_failure,,,N40_pump_stop
N8_1_pump,N31_2_pump_work,N10_1_pump_start,N8_1_pump_setStart,,,ND8_1_pump_failure,,,N43_pump_stop
ND8_1_pump,N32_2_pump_work,,NM2_1_pump_setStart,,,N10_1_pump_failure,,,NSO1_pump_stop
N10_1_pump,NM1_2_pump_work,,EM2_1_motor_setStart,,,NM2_1_pump_failure,,,H12_1_pump_stop
NM2_1_pump,EM1_2_motor_work,,N31_1_pump_setStart,,,NM2_1_pump_emerg_button,,,H12_2_pump_stop
EM2_1_motor,N31_1_pump_work,,N32_1_pump_setStart,,,EM2_1_motor_failure,,,H13_1_pump_stop
N31_2_pump,N32_1_pump_work,,NM1_1_pump_setStart,,,N31_2_pump_failure,,,H15_1_pump_stop
N32_2_pump,NM1_1_pump_work,,N11_2_pump_setStart,,,N32_2_pump_failure,,,H15_2_pump_stop
NM1_2_pump,N11_2_pump_work,,NM3_1_pump_setStart,,,NM1_2_pump_failure,,,H17_1_pump_stop
ND9_2_pump,NM3_1_pump_work,,N11_1_pump_setStart,,,EM1_2_motor_failure,,,H19_1_pump_stop
EM1_2_motor,N11_1_pump_work,,EM3_1_motor_setStart,,,HM1_2_pump_emerg_button,,,H16_1_pump_stop
N31_1_pump,EM3_1_motor_work,,N12_1_pump_setStart,,,N31_1_pump_failure,,,H16_2_pump_stop
N32_1_pump,N12_1_pump_work,,N12_2_pump_setStart,,,N32_1_pump_failure,,,NEFD12_1_pump_stop
NM1_1_pump,N12_2_pump_work,,N13_1_pump_setStart,,,NM1_1_pump_failure,,,VAK12_1_pump_stop
ND9_1_pump,N13_1_pump_work,,NM4_1_pump_setStart,,,NM1_1_pump_button_emerg_button,,,H20_1_pump_stop
N11_2_pump,NM4_1_pump_work,,EM4_1_motor_setStart,,,N11_2_pump_failure,,,H20_2_pump_stop
NM3_1_pump,EM4_1_motor_work,,ND17_1_pump_setStart,,,NM3_1_pump_failure,,,H4_1_pump_stop
N11_1_pump,ND18_1_pump_work,,ND18_1_pump_setStart,,,NM3_1_pump_emerg_button,,,H30_1_pump_stop
EM3_1_motor,ND19_1_pump_work,,ND19_1_pump_setStart,,,N11_1_pump_failure,,,PU30_1_motor_stop
N12_1_pump,NEFD1_pump_work,,NEFD1_pump_setStart,,,EM3_1_motor_failure,,,NOP1_1_pump_stop
N12_2_pump,N20_1_pump_work,,N20_1_pump_setStart,,,N12_1_pump_failure,,,NDC1_1_pump_stop
N13_1_pump,N20_2_pump_work,,N20_2_pump_setStart,,,N12_2_pump_failure,,,TK1_1_pump_stop
NM4_1_pump,V1_1_motor_work,,V1_1_motor_setStart,,,N13_1_pump_failure,,,NO2_pump_stop
EM4_1_motor,V1_2_motor_work,,V1_2_motor_setStart,,,NM4_1_pump_failure,,,NDG1_2_pump_stop
ND17_1_pump,S1_1_motor_work,,C1_1_motor_setStart,,,NM4_1_pump_emerg_button,,,ND2_3_pump_stop
ND18_1_pump,S1_2_motor_work,,C1_2_motor_setStart,,,EM4_1_motor_failure,,,NOT2_pump_stop
ND19_1_pump,N15_1_pump_work,,N15_1_pump_setStart,,,ND17_1_pump_failure,,,NSO2_pump_stop
NEFD1_pump,N15_2_pump_work,,N15_2_pump_setStart,,,ND18_1_pump_failure,,,H5_2_pump_stop
N20_1_pump,N16_1_pump_work,,N16_1_pump_setStart,,,ND18_1_pump_emerg_button,,,H6_2_pump_stop
N20_2_pump,N16_2_pump_work,,N16_2_pump_setStart,,,ND19_1_pump_failure,,,H7_2_pump_stop
V1_1_motor,N4_1_pump_work,,N4_1_pump_setStart,,,ND19_1_pump_emerg_button,,,HD8_2_pump_stop
V1_2_motor,NM6_1_pump_work,,NM6_1_pump_setStart,,,NEFD1_pump_failure,,,H31_2_pump_stop
C1_1_motor,EM6_1_motor_work,,EM6_1_motor_setStart,,,NEFD1_pump_emerg_button,,,H32_2_pump_stop
C1_2_motor,ND26_1_pump_work,,N28_7_pump_setStart,,,N20_1_pump_failure,,,H10_2_pump_stop
N15_1_pump,N25_1_pump_work,,NP1_pump_setStart,,,N20_2_pump_failure,,,H4_2_pump_stop
N15_2_pump,ND26_2_pump_work,,N28_1_pump_setStart,,,V1_1_motor_failure,,,H11_3_pump_stop
N16_1_pump,N28_7_pump_work,,N28_2_pump_setStart,,,V1_2_motor_failure,,,H11_4_pump_stop
N16_2_pump,NP1_pump_work,,N28_3_pump_setStart,,,S1_1_motor_failure,,,
N4_1_pump,N28_1_pump_work,,N27_1_pump_setStart,,,S1_2_motor_failure,,,
NM6_1_pump,N28_2_pump_work,,ND1_3_pump_setStart,,,N15_1_pump_failure,,,
EM6_1_motor,N28_3_pump_work,,ND1_4_pump_setStart,,,N15_2_pump_failure,,,
ND26_1_pump,N27_1_pump_work,,ND2_3_pump_setStart,,,N16_1_pump_failure,,,
ND25_1_pump,ND1_3_pump_work,,ND2_4_pump_setStart,,,N16_2_pump_failure,,,
ND26_2_pump,ND1_4_pump_work,,ND3_4_pump_setStart,,,N4_1_pump_failure,,,
N28_7_pump,ND3_6_pump_work,,ND3_5_pump_setStart,,,NM6_1_pump_failure,,,
NP1_pump,Not2_pump_work,,ND3_6_pump_setStart,,,NM6_1_pump_emerg_button,,,
N28_1_pump,N10_2_pump_work,,Not2_pump_setStart,,,EM6_1_motor_failure,,,
N28_2_pump,NM2_2_pump_work,,N10_2_pump_setStart,,,ND26_1_pump_failure,,,
N28_3_pump,EM2_2_motor_work,,NM2_2_pump_setStart,,,N25_1_pump_failure,,,
N27_1_pump,N11_4_pump_work,,EM2_2_motor_setStart,,,ND26_2_pump_failure,,,
ND1_3_pump,NM3_2_pump_work,,N11_4_pump_setStart,,,N28_7_pump_failure,,,
ND1_4_pump,N11_3_pump_work,,NM3_2_pump_setStart,,,NP1_pump_failure,,,
ND2_3_pump,EM3_2_motor_work,,H11_3_pump_setStart,,,N28_1_pump_failure,,,
ND2_4_pump,N12_3_pump_work,,EM3_2_motor_setStart,,,N28_2_pump_failure,,,
ND3_4_pump,N12_4_pump_work,,N12_3_pump_setStart,,,N28_3_pump_failure,,,
ND3_5_pump,NM4_2_pump_work,,N12_4_pump_setStart,,,N27_1_pump_failure,,,
ND3_6_pump,N13_2_pump_work,,NM4_2_pump_setStart,,,ND1_3_pump_failure,,,
Not2_pump,EM4_2_motor_work,,N13_2_pump_setStart,,,ND1_4_pump_failure,,,
N10_2_pump,ND18_2_pump_work,,EM4_2_motor_setStart,,,ND2_3_pump_failure,,,
NM2_2_pump,ND19_2_pump_work,,ND17_2_pump_setStart,,,ND2_4_pump_failure,,,
EM2_2_motor,NEFD2_pump_work,,ND18_2_pump_setStart,,,ND3_4_pump_failure,,,
N11_4_pump,N15_3_pump_work,,ND19_2_pump_setStart,,,ND3_5_pump_failure,,,
NM3_2_pump,N15_4_pump_work,,NEFD2_pump_setStart,,,ND3_6_pump_failure,,,
H11_3_pump,N16_3_pump_work,,N15_3_pump_setStart,,,Not2_pump_failure,,,
EM3_2_motor,N16_4_pump_work,,N15_4_pump_setStart,,,N10_2_pump_failure,,,
N12_3_pump,S2_1_motor_work,,N16_3_pump_setStart,,,NM2_2_pump_failure,,,
N12_4_pump,S2_2_motor_work,,N16_4_pump_setStart,,,NM2_2_pump_emerg_button,,,
NM4_2_pump,V2_1_motor_work,,N4_2_pump_setStart,,,EM2_2_motor_failure,,,
N13_2_pump,V2_2_motor_work,,NM6_2_pump_setStart,,,N11_4_pump_failure,,,
EM4_2_motor,N20_3_pump_work,,EM6_2_motor_setStart,,,NM3_2_pump_failure,,,
ND17_2_pump,N20_4_pump_work,,ND26_2_pump_setStart,,,NM3_2_pump_emerg_button,,,
ND18_2_pump,VAK2_1_pump_work,,ND25_2_pump_setStart,,,N11_3_pump_failure,,,
ND19_2_pump,VAK2_2_pump_work,,N27_2_pump_setStart,,,EM3_2_motor_failure,,,
NEFD2_pump,N4_2_pump_work,,NP2_pump_setStart,,,N12_3_pump_failure,,,
N15_3_pump,NM6_2_pump_work,,N28_4_pump_setStart,,,N12_4_pump_failure,,,
N15_4_pump,EM6_2_motor_work,,N28_5_pump_setStart,,,NM4_2_pump_failure,,,
N16_3_pump,N25_2_pump_work,,N28_6_pump_setStart,,,NM4_2_pump_emerg_button,,,
N16_4_pump,N27_2_pump_work,,N28_8_pump_setStart,,,N13_2_pump_failure,,,
C2_1_motor,NP2_pump_work,,ND31_2_pump_setStart,,,EM4_2_motor_failure,,,
C2_2_motor,N28_4_pump_work,,ND32_2_pump_setStart,,,ND17_2_pump_failure,,,
V2_1_motor,N28_5_pump_work,,ND33_2_pump_setStart,,,ND17_2_pump_emerg_button,,,
V2_2_motor,N28_6_pump_work,,NC1_2_pump_setStart,,,ND18_2_pump_failure,,,
N20_3_pump,N28_8_pump_work,,PU1_2_motor_setStart,,,ND18_2_pump_emerg_button,,,
N20_4_pump,ND31_2_pump_work,,PU30_2_motor_setStart,,,ND19_2_pump_failure,,,
N4_2_pump,ND32_2_pump_work,,TK1_2_pump_setStart,,,ND19_2_pump_emerg_button,,,
NM6_2_pump,ND33_2_pump_work,,TK1_2_motor_setStart,,,NEFD2_pump_failure,,,
EM6_2_motor,NC1_2_pump_work,,NOP1_2_pump_setStart,,,N15_3_pump_failure,,,
ND25_2_pump,PU1_2_motor_work,,NOP1_2_motor_setStart,,,N15_3_pump_emerg_button,,,
N27_2_pump,PU30_2_motor_work,,NDC1_2_pump_setStart,,,N15_4_pump_failure,,,
NP2_pump,N39_pump_work,,NDC1_2_motor_setStart,,,N15_4_pump_emerg_button,,,
N28_4_pump,N42_pump_work,,NKC1_2_pump_setStart,,,N16_3_pump_failure,,,
N28_5_pump,N40_1_pump_work,,NKC1_2_motor_setStart,,,N16_3_pump_emerg_button,,,
N28_6_pump,E40_1_motor_work,,N39_pump_setStart,,,N16_4_pump_failure,,,
N28_8_pump,N40_pump_work,,N42_pump_setStart,,,N16_4_pump_emerg_button,,,
ND31_2_pump,E40_motor_work,,N40_1_pump_setStart,,,S2_1_motor_failure,,,
ND32_2_pump,N41_pump_work,,E40_1_motor_setStart,,,S2_2_motor_failure,,,
ND33_2_pump,E41_motor_work,,N40_pump_setStart,,,V2_1_motor_failure,,,
NC1_2_pump,N43_pump_work,,E40_motor_setStart,,,V2_2_motor_failure,,,
PU1_2_motor,E43_motor_work,,N41_pump_setStart,,,N20_3_pump_failure,,,
PU30_2_motor,N44_pump_work,,E41_motor_setStart,,,N20_4_pump_failure,,,
TK1_2_pump,E44_motor_work,,N43_pump_setStart,,,HS19M1_motor_emerg_button,,,
TK1_2_motor,N45_pump_work,,E43_motor_setStart,,,VAK2_1_pump_failure,,,
NOP1_2_pump,E45_motor_work,,N44_pump_setStart,,,VAK2_2_pump_failure,,,
NOP1_2_motor,NP6_pump_work,,E44_motor_setStart,,,N4_2_pump_failure,,,
NDC1_2_pump,N34_1_pump_work,,N45_pump_setStart,,,NM6_2_pump_failure,,,
NDC1_2_motor,N34_2_pump_work,,E45_motor_setStart,,,NM6_2_pump_faillure_button,,,
NKC1_2_pump,N35_1_pump_work,,NP6_pump_setStart,,,EM6_2_motor_failure,,,
NKC1_2_motor,N35_2_pump_work,,N34_1_pump_setStart,,,N25_2_pump_failure,,,
N39_pump,N36_1_pump_work,,N34_2_pump_setStart,,,N27_2_pump_failure,,,
N42_pump,N36_2_pump_work,,N35_1_pump_setStart,,,NP2_pump_failure,,,
N40_1_pump,N37_pump_work,,N35_2_pump_setStart,,,N28_4_pump_failure,,,
E40_1_motor,NP5_pump_work,,N36_1_pump_setStart,,,N28_5_pump_failure,,,
N40_pump,NP7_pump_work,,N36_2_pump_setStart,,,N28_6_pump_failure,,,
E40_motor,NP8_pump_work,,N37_pump_setStart,,,N28_8_pump_failure,,,
N41_pump,NV1_1_pump_work,,NP5_pump_setStart,,,ND31_2_pump_failure,,,
E41_motor,NV1_2_pump_work,,NP7_pump_setStart,,,ND31_2_pump_emerg_button,,,
N43_pump,PU1_1_motor_work,,NP8_pump_setStart,,,ND32_2_pump_failure,,,
E43_motor,NC1_1_pump_work,,ND31_1_pump_setStart,,,ND32_2_pump_emerg_button,,,
N44_pump,V3_2_motor_work,,ND32_1_pump_setStart,,,ND33_2_pump_failure,,,
E44_motor,,,ND33_1_pump_setStart,,,ND33_2_pump_emerg_button,,,
N45_pump,,,NM7_pump_setStart,,,NC1_2_pump_failure,,,
E45_motor,,,N30_1_pump_setStart,,,NC1_2_pump_emerg_button,,,
NP6_pump,,,PU30_1_pump_setStart,,,PU1_2_motor_failure,,,
N34_1_pump,,,NV1_1_pump_setStart,,,PU30_2_motor_failure,,,
N34_2_pump,,,NV1_2_pump_setStart,,,N39_pump_failure,,,
N35_1_pump,,,PU1_1_pump_setStart,,,N42_pump_failure,,,
N35_2_pump,,,TK1_1_pump_setStart,,,N40_1_pump_failure,,,
N36_1_pump,,,TK1_1_motor_setStart,,,E40_1_motor_failure,,,
N36_2_pump,,,NOP1_1_pump_setStart,,,N40_pump_failure,,,
N37_pump,,,NOP1_1_motor_setStart,,,E40_motor_failure,,,
NP5_pump,,,NDC1_1_pump_setStart,,,N41_pump_failure,,,
NP7_pump,,,NDC1_1_motor_setStart,,,E41_motor_failure,,,
NP8_pump,,,NKC1_1_pump_setStart,,,N43_pump_failure,,,
ND31_1_pump,,,NKC1_1_motor_setStart,,,E43_motor_failure,,,
ND32_1_pump,,,NC1_1_pump_setStart,,,N44_pump_failure,,,
ND33_1_pump,,,HD8_2_pump_setStart,,,E44_motor_failure,,,
NM7_pump,,,H5_2_pump_setStart,,,N45_pump_failure,,,
N30_1_pump,,,H6_2_pump_setStart,,,E45_motor_failure,,,
PU30_1_pump,,,H7_2_pump_setStart,,,NP6_pump_failure,,,
NV1_1_pump,,,V3_2_motor_setStart,,,N34_1_pump_failure,,,
NV1_2_pump,,,,,,N34_2_pump_failure,,,
PU1_1_pump,,,,,,N35_1_pump_failure,,,
TK1_1_pump,,,,,,N35_2_pump_failure,,,
TK1_1_motor,,,,,,N36_1_pump_failure,,,
NOP1_1_pump,,,,,,N36_2_pump_failure,,,
NOP1_1_motor,,,,,,N37_pump_failure,,,
NDC1_1_pump,,,,,,NP5_pump_failure,,,
NDC1_1_motor,,,,,,NP7_pump_failure,,,
NKC1_1_pump,,,,,,NP8_pump_failure,,,
NKC1_1_motor,,,,,,ND31_1_pump_failure,,,
NC1_1_pump,,,,,,ND32_1_pump_failure,,,
HD8_2_pump,,,,,,ND33_1_pump_failure,,,
H5_2_pump,,,,,,NM7_pump_failure,,,
H6_2_pump,,,,,,N30_1_pump_failure,,,
H7_2_pump,,,,,,PU30_1_motor_failure,,,
V3_2_motor,,,,,,NV1_1_pump_failure,,,
E30_1_motor,,,,,,NV1_2_pump_failure,,,
S1_1_motor,,,,,,PU1_1_motor_failure,,,
S1_2_motor,,,,,,NC1_1_pump_failure,,,
N25_1_pump,,,,,,V3_2_motor_failure,,,
N11_3_pump,,,,,,,,,
S2_1_motor,,,,,,,,,
S2_2_motor,,,,,,,,,
VAK2_1_pump,,,,,,,,,
VAK2_2_pump,,,,,,,,,
N25_2_pump,,,,,,,,,
TC1_2_motor,,,,,,,,,
NDS1_2_pump,,,,,,,,,
N30_2_pump,,,,,,,,,
PU30_1_motor,,,,,,,,,
PU1_1_motor,,,,,,,,,
NB23_pump,,,,,,,,,
