RSU_7_valve,RSU_7_opened,RSU_7_closed,RSU_7_open,RSU_7_close,PAZ_7_id,PAZ_7_opened,PAZ_7_closed,PAZ_7_open,PAZ_7_close
V_2kshe10,V_2kshe10_opened,V_2kshe10_closed,V_2kshe10_open,V_2kshe10_close,V_2kshe100,V_17kshe_5_opened,V_17kshe_5_closed,V_2kshe100_open,V_2kshe100_close
V_2kshe135,V_2kshe135_opened,V_2kshe135_closed,V_2kshe135_open,V_2kshe135_close,V_3epe15,V_17kshe_2_opened,V_17kshe_2_closed,V_3epe15_open,V_3epe15_close
V_2kshe15,V_2kshe15_opened,V_2kshe15_closed,V_2kshe15_open,V_2kshe15_close,V_3epe16,V_17kshe_100_opened,V_17kshe_100_closed,V_3epe16_open,V_3epe16_close
V_2zpe40,V_2zpe40_opened,V_2zpe40_closed,V_2zpe40_open,V_2zpe40_close,V_3kshe12,V_18kshe_5_opened,V_18kshe_5_closed,V_3kshe12_open,V_3kshe12_close
V_2zpe105,V_2zpe105_opened,V_2zpe105_closed,V_2zpe105_open,V_2zpe105_close,V_3kshe13,V_18kshe_2_opened,V_18kshe_2_closed,V_3kshe13_open,V_3kshe13_close
V_2zpe111,V_2zpe111_opened,V_2zpe111_closed,V_2zpe111_open,V_2zpe111_close,V_4epe5,V_18kshe_21_opened,V_18kshe_21_closed,V_4epe5_open,V_4epe5_close
V_2zpe117,V_2zpe117_opened,V_2zpe117_closed,V_2zpe117_open,V_2zpe117_close,V_4kshe2,V_19kshe_100_opened,V_19kshe_100_closed,V_4kshe2_open,V_4kshe2_close
V_2zpe119,V_2zpe119_opened,V_2zpe119_closed,V_2zpe119_open,V_2zpe119_close,V_4kshe21,V_19kshe_102_opened,V_19kshe_102_closed,V_4kshe21_open,V_4kshe21_close
V_2zpe125,V_2zpe125_opened,V_2zpe125_closed,V_2zpe125_open,V_2zpe125_close,V_6kshe5,V_23epe_1_opened,V_23epe_1_closed,V_6kshe5_open,V_6kshe5_close
V_2zpe41,V_2zpe41_opened,V_2zpe41_closed,V_2zpe41_open,V_2zpe41_close,V_6kshe2,V_23epe_2_opened,V_23epe_2_closed,V_6kshe2_open,V_6kshe2_close
V_2kshe105,V_2kshe105_opened,V_2kshe105_closed,V_2kshe105_open,V_2kshe105_close,V_6kshe100,V_23kshv_10_opened,V_23kshv_10_closed,V_6kshe100_open,V_6kshe100_close
V_2zpe39,V_2zpe39_opened,V_2zpe39_closed,V_2zpe39_open,V_2zpe39_close,V_24kshe1,V_24epe_3_opened,V_24epe_3_closed,V_24kshe1_open,V_24kshe1_close
V_2zpe106,V_2zpe106_opened,V_2zpe106_closed,V_2zpe106_open,V_2zpe106_close,V_21kshe100,V_24epe_4_opened,V_24epe_4_closed,V_21kshe100_open,V_21kshe100_close
V_2zpe112,V_2zpe112_opened,V_2zpe112_closed,V_2zpe112_open,V_2zpe112_close,V_7kshe5,V_24epe_5_opened,V_24epe_5_closed,V_7kshe5_open,V_7kshe5_close
V_2zpe118,V_2zpe118_opened,V_2zpe118_closed,V_2zpe118_open,V_2zpe118_close,V_7kshe2,V_24epe_6_opened,V_24epe_6_closed,V_7kshe2_open,V_7kshe2_close
V_2zpe120,V_2zpe120_opened,V_2zpe120_closed,V_2zpe120_open,V_2zpe120_close,V_7kshe21,V_24epe_7_opened,V_24epe_7_closed,V_7kshe21_open,V_7kshe21_close
V_2zpe126,V_2zpe126_opened,V_2zpe126_closed,V_2zpe126_open,V_2zpe126_close,V_8kshe100,V_24epe_8_opened,V_24epe_8_closed,V_8kshe100_open,V_8kshe100_close
V_2zpe38,V_2zpe38_opened,V_2zpe38_closed,V_2zpe38_open,V_2zpe38_close,V_8kshe102,V_24kshe_8_opened,V_24kshe_8_closed,V_8kshe102_open,V_8kshe102_close
V_2zpe18,V_2zpe18_opened,V_2zpe18_closed,V_2zpe18_open,V_2zpe18_close,V_8kshe103,V_24epe_9_opened,V_24epe_9_closed,V_8kshe103_open,V_8kshe103_close
V_2zpe19,V_2zpe19_opened,V_2zpe19_closed,V_2zpe19_open,V_2zpe19_close,V_8kshe105,V_24epe_10_opened,V_24epe_10_closed,V_8kshe105_open,V_8kshe105_close
V_2zpe20,V_2zpe20_opened,V_2zpe20_closed,V_2zpe20_open,V_2zpe20_close,V_8kshe106,V_24epe_11_opened,V_24epe_11_closed,V_8kshe106_open,V_8kshe106_close
V_2zpe21,V_2zpe21_opened,V_2zpe21_closed,V_2zpe21_open,V_2zpe21_close,V_8kshe108,V_24kshe_3_opened,V_24kshe_3_closed,V_8kshe108_open,V_8kshe108_close
V_2zpe136,V_2zpe136_opened,V_2zpe136_closed,V_2zpe136_open,V_2zpe136_close,V_9kshe2,V_24kshe_4_opened,V_24kshe_4_closed,V_9kshe2_open,V_9kshe2_close
V_2zpe138,V_2zpe138_opened,V_2zpe138_closed,V_2zpe138_open,V_2zpe138_close,V_9kshe21,V_24kshe_5_opened,V_24kshe_5_closed,V_9kshe21_open,V_9kshe21_close
V_2zpe137,V_2zpe137_opened,V_2zpe137_closed,V_2zpe137_open,V_2zpe137_close,V_10kshe100,,,V_10kshe100_open,V_10kshe100_close
V_2zpe139,V_2zpe139_opened,V_2zpe139_closed,V_2zpe139_open,V_2zpe139_close,V_10kshe101,,,V_10kshe101_open,V_10kshe101_close
V_2kshe2,V_2kshe2_opened,V_2kshe2_closed,V_2kshe2_open,V_2kshe2_close,V_12kshv2,,,V_12kshv2_open,V_12kshv2_close
V_2kshe3,V_2kshe3_opened,V_2kshe3_closed,V_2kshe3_open,V_2kshe3_close,V_12kshv100,,,V_12kshv100_open,V_12kshv100_close
V_2kshe4,V_2kshe4_opened,V_2kshe4_closed,V_2kshe4_open,V_2kshe4_close,V_12kshv101,,,V_12kshv101_open,V_12kshv101_close
V_2kshe5,V_2kshe5_opened,V_2kshe5_closed,V_2kshe5_open,V_2kshe5_close,V_13kshe100,,,V_13kshe100_open,V_13kshe100_close
V_2kshe1,V_2kshe1_opened,V_2kshe1_closed,V_2kshe1_open,V_2kshe1_close,V_14epe15,,,V_14epe15_open,V_14epe15_close
V_2kshe6,V_2kshe6_opened,V_2kshe6_closed,V_2kshe6_open,V_2kshe6_close,V_14epe16,,,V_14epe16_open,V_14epe16_close
V_2zpe102,V_2zpe102_opened,V_2zpe102_closed,V_2zpe102_open,V_2zpe102_close,V_14kshe12,,,V_14kshe12_open,V_14kshe12_close
V_2zpe103,V_2zpe103_opened,V_2zpe103_closed,V_2zpe103_open,V_2zpe103_close,V_14kshe13,,,V_14kshe13_open,V_14kshe13_close
V_2kshe12,V_2kshe12_opened,V_2kshe12_closed,V_2kshe12_open,V_2kshe12_close,V_15epe5,,,V_15epe5_open,V_15epe5_close
V_3zpe14,V_3zpe14_opened,V_3zpe14_closed,V_3zpe14_open,V_3zpe14_close,V_15kshe2,,,V_15kshe2_open,V_15kshe2_close
V_3zpe17,V_3zpe17_opened,V_3zpe17_closed,V_3zpe17_open,V_3zpe17_close,V_15kshe21,,,V_15kshe21_open,V_15kshe21_close
V_3zpe10,V_3zpe10_opened,V_3zpe10_closed,V_3zpe10_open,V_3zpe10_close,V_20kshe2,,,V_20kshe2_open,V_20kshe2_close
V_3kshe1_1,V_3kshe1_1_opened,V_3kshe1_1_closed,V_3kshe1_1_open,V_3kshe1_1_close,V_20kshe21,,,V_20kshe21_open,V_20kshe21_close
V_3kshe2_1,V_3kshe2_1_opened,V_3kshe2_1_closed,V_3kshe2_1_open,V_3kshe2_1_close,V_12kshe200,,,V_12kshe200_open,V_12kshe200_close
V_3zpe3_1,V_3kshe3_1_opened,V_3kshe3_1_closed,V_3kshe3_1_open,V_3kshe3_1_close,V_21kshe1,,,,
V_3zpe4_1,V_3zpe4_1_opened,V_3zpe4_1_closed,V_3zpe4_1_open,V_3zpe4_1_close,V_21kshe101,,,,
V_3kshe5_1,V_3kshe5_1_opened,V_3kshe5_1_closed,V_3kshe5_1_open,V_3kshe5_1_close,V_17kshe_5,,,,
V_3kshe1_2,V_3kshe1_2_opened,V_3kshe1_2_closed,V_3kshe1_2_open,V_3kshe1_2_close,V_17kshe_2,,,,
V_3kshe2_2,V_3kshe2_2_opened,V_3kshe2_2_closed,V_3kshe2_2_open,V_3kshe2_2_close,V_17kshe_100,,,,
V_3kshe3_2,V_3kshe3_2_opened,V_3kshe3_2_closed,V_3kshe3_2_open,V_3kshe3_2_close,V_18kshe_5,,,,
V_3zpe4_2,V_3zpe4_2_opened,V_3zpe4_2_closed,V_3zpe4_2_open,V_3zpe4_2_close,V_18kshe_2,,,,
V_3kshe5_2,V_3kshe5_2_opened,V_3kshe5_2_closed,V_3kshe5_2_open,V_3kshe5_2_close,V_18kshe_21,,,,
V_3kshe1_3,V_3kshe1_3_opened,V_3kshe1_3_closed,V_3kshe1_3_open,V_3kshe1_3_close,V_19kshe_100,,,,
V_3kshe2_3,V_3kshe2_3_opened,V_3kshe2_3_closed,V_3kshe2_3_open,V_3kshe2_3_close,V_19kshe_102,,,,
V_3zpe3_3,V_3kshe3_3_opened,V_3kshe3_3_closed,V_3kshe3_3_open,V_3kshe3_3_close,V_19kshe_103,,,,
V_3zpe4_3,V_3zpe4_3_opened,V_3zpe4_3_closed,V_3zpe4_3_open,V_3zpe4_3_close,V_19kshe103,,,,
V_3kshe5_3,V_3kshe5_3_opened,V_3kshe5_3_closed,V_3kshe5_3_open,V_3kshe5_3_close,V_19kshe105,,,,
V_3kshe1_4,V_3kshe1_4_opened,V_3kshe1_4_closed,V_3kshe1_4_open,V_3kshe1_4_close,V_19kshe106,,,,
V_3kshe2_4,V_3kshe2_4_opened,V_3kshe2_4_closed,V_3kshe2_4_open,V_3kshe2_4_close,V_19kshe108,,,,
V_3zpe3_4,V_3kshe3_4_opened,V_3kshe3_4_closed,V_3kshe3_4_open,V_3kshe3_4_close,V_23kshv2,,,,
V_3zpe4_4,V_3zpe4_4_opened,V_3zpe4_4_closed,V_3zpe4_4_open,V_3zpe4_4_close,V_23kshv100,,,,
V_3kshe5_4,V_3kshe5_4_opened,V_3kshe5_4_closed,V_3kshe5_4_open,V_3kshe5_4_close,V_23kshv101,,,,
V_3kshe1_5,V_3kshe1_5_opened,V_3kshe1_5_closed,V_3kshe1_5_open,V_3kshe1_5_close,V_23kshv200,,,,
V_3kshe2_5,V_3kshe2_5_opened,V_3kshe2_5_closed,V_3kshe2_5_open,V_3kshe2_5_close,V_23epe_1,,,,
V_3zpe3_5,V_3kshe3_5_opened,V_3kshe3_5_closed,V_3kshe3_5_open,V_3kshe3_5_close,V_23epe_2,,,,
V_3zpe4_5,V_3zpe4_5_opened,V_3zpe4_5_closed,V_3zpe4_5_open,V_3zpe4_5_close,V_23kshv_10,,,,
V_3kshe5_5,V_3kshe5_5_opened,V_3kshe5_5_closed,V_3kshe5_5_open,V_3kshe5_5_close,V_24epe_3,,,,
V_3kshe1_6,V_3kshe1_6_opened,V_3kshe1_6_closed,V_3kshe1_6_open,V_3kshe1_6_close,V_24epe_4,,,,
V_3kshe2_6,V_3zpe2_6_opened,V_3zpe2_6_closed,V_3zpe2_6_open,V_3zpe2_6_close,V_24epe_5,,,,
V_3zpe3_6,V_3kshe3_6_opened,V_3kshe3_6_closed,V_3kshe3_6_open,V_3kshe3_6_close,V_24epe_6,,,,
V_3zpe4_6,V_3zpe4_6_opened,V_3zpe4_6_closed,V_3zpe4_6_open,V_3zpe4_6_close,V_24epe_7,,,,
V_3kshe5_6,V_3zpe5_6_opened,V_3zpe5_6_closed,V_3zpe5_6_open,V_3zpe5_6_close,V_24epe_8,,,,
V_3kshe6,V_3kshe6_opened,V_3kshe6_closed,V_3kshe6_open,V_3kshe6_close,V_24kshe_8,,,,
V_3zpe18,V_3zpe18_opened,V_3zpe18_closed,V_3zpe18_open,V_3zpe18_close,V_24epe_9,,,,
V_3zpe11,V_3zpe11_opened,V_3zpe11_closed,V_3zpe11_open,V_3zpe11_close,V_24epe_10,,,,
V_3zpe19,V_3zpe19_opened,V_3zpe19_closed,V_3zpe19_open,V_3zpe19_close,V_24epe_11,,,,
V_5kshe1,V_3kshe7_opened,V_3kshe7_closed,V_5kshe1_open,V_5kshe1_close,V_24kshe_3,,,,
V_5kshe2,V_3kshe8_opened,V_3kshe8_closed,V_5kshe2_open,V_5kshe2_close,V_24kshe_4,,,,
V_5kshe3,V_3kshe9_opened,V_3kshe9_closed,V_5kshe3_open,V_5kshe3_close,V_24kshe_5,,,,
V_5kshe4,V_2zpv12_opened,V_2zpv12_closed,V_5kshe4_open,V_5kshe4_close,,,,,
V_5kshe5,V_2zpe12_opened,V_2zpe12_closed,V_5kshe5_open,V_5kshe5_close,,,,,
V_5kshe100,V_5kshe1_opened,V_5kshe1_closed,V_5kshe100_open,V_5kshe100_close,,,,,
V_5kshe101,V_5kshe2_opened,V_5kshe2_closed,V_5kshe101_open,V_5kshe101_close,,,,,
V_5kshe102,V_5kshe3_opened,V_5kshe3_closed,V_5kshe102_open,V_5kshe102_close,,,,,
V_5zpe4,V_5kshe4_opened,V_5kshe4_closed,V_5zpe4_open,V_5zpe4_close,,,,,
V_5zpe5,V_5kshe5_opened,V_5kshe5_closed,V_5zpe5_open,V_5zpe5_close,,,,,
V_5zpe6,V_5kshe100_opened,V_5kshe100_closed,V_5zpe6_open,V_5zpe6_close,,,,,
V_5zpe7,V_5kshe101_opened,V_5kshe101_closed,V_5zpe7_open,V_5zpe7_close,,,,,
V_15kshe22,V_5kshe102_opened,V_5kshe102_closed,V_15kshe22_open,V_15kshe22_close,,,,,
V_15kshe23,V_5zpe4_opened,V_5zpe4_closed,V_15kshe23_open,V_15kshe23_close,,,,,
V_15kshe24,V_5zpe5_opened,V_5zpe5_closed,V_15kshe24_open,V_15kshe24_close,,,,,
V_15zpe4,V_5zpe6_opened,V_5zpe6_closed,V_15zpe4_open,V_15zpe4_close,,,,,
V_15zpe1,V_5zpe7_opened,V_5zpe7_closed,V_15zpe1_open,V_15zpe1_close,,,,,
V_15zpe6,V_15kshe22_opened,V_15kshe22_closed,V_15zpe6_open,V_15zpe6_close,,,,,
V_15kshe5,V_15kshe23_opened,V_15kshe23_closed,V_15kshe5_open,V_15kshe5_close,,,,,
V_15kshe6,V_15kshe24_opened,V_15kshe24_closed,V_15kshe6_open,V_15kshe6_close,,,,,
V_15zpe2,V_15zpe4_opened,V_15zpe4_closed,V_15zpe2_open,V_15zpe2_close,,,,,
V_15kshe4,V_15zpe1_opened,V_15zpe1_closed,V_15kshe4_open,V_15kshe4_close,,,,,
V_15kshe1,V_15zpe6_opened,V_15zpe6_closed,V_15kshe1_open,V_15kshe1_close,,,,,
V_15kshe8,V_15kshe5_opened,V_15kshe5_closed,V_15kshe8_open,V_15kshe8_close,,,,,
V_4zpe1,V_15kshe6_opened,V_15kshe6_closed,V_4zpe1_open,V_4zpe1_close,,,,,
V_4zpe2,V_15zpe2_opened,V_15zpe2_closed,V_4zpe2_open,V_4zpe2_close,,,,,
V_4zpe4,V_15kshe4_opened,V_15kshe4_closed,V_4zpe4_open,V_4zpe4_close,,,,,
V_4zpe6,V_15kshe1_opened,V_15kshe1_closed,V_4zpe6_open,V_4zpe6_close,,,,,
V_4kshe6,V_15kshe8_opened,V_15kshe8_closed,V_4kshe6_open,V_4kshe6_close,,,,,
V_4kshe4,V_4zpe1_opened,V_4zpe1_closed,V_4kshe4_open,V_4kshe4_close,,,,,
V_4kshe5,V_4zpe2_opened,V_4zpe2_closed,V_4kshe5_open,V_4kshe5_close,,,,,
V_4kshe22,V_4zpe4_opened,V_4zpe4_closed,V_4kshe22_open,V_4kshe22_close,,,,,
V_4kshe23,V_4zpe6_opened,V_4zpe6_closed,V_4kshe23_open,V_4kshe23_close,,,,,
V_4kshe24,V_4kshe6_opened,V_4kshe6_closed,V_4kshe24_open,V_4kshe24_close,,,,,
V_4kshe1,V_4kshe4_opened,V_4kshe4_closed,V_4kshe1_open,V_4kshe1_close,,,,,
V_4kshe8,V_4kshe5_opened,V_4kshe5_closed,V_4kshe8_open,V_4kshe8_close,,,,,
V_6kshe1,V_4kshe22_opened,V_4kshe22_closed,V_6kshe1_open,V_6kshe1_close,,,,,
V_6kshe3,V_4kshe23_opened,V_4kshe23_closed,V_6kshe3_open,V_6kshe3_close,,,,,
V_6kshe4,V_4kshe24_opened,V_4kshe24_closed,V_6kshe4_open,V_6kshe4_close,,,,,
V_6kshe6,V_4kshe1_opened,V_4kshe1_closed,V_6kshe6_open,V_6kshe6_close,,,,,
V_6kshe7,V_4kshe8_opened,V_4kshe8_closed,V_6kshe7_open,V_6kshe7_close,,,,,
V_6kshe8,V_6kshe1_opened,V_6kshe1_closed,V_6kshe8_open,V_6kshe8_close,,,,,
V_6kshe9,V_6kshe3_opened,V_6kshe3_closed,V_6kshe9_open,V_6kshe9_close,,,,,
V_6kshe102,V_6kshe4_opened,V_6kshe4_closed,V_6kshe102_open,V_6kshe102_close,,,,,
V_6kshe103,V_6kshe6_opened,V_6kshe6_closed,V_6kshe103_open,V_6kshe103_close,,,,,
V_6kshe104,V_6kshe7_opened,V_6kshe7_closed,V_6kshe104_open,V_6kshe104_close,,,,,
V_7kshe23,V_6kshe8_opened,V_6kshe8_closed,V_7kshe23_open,V_7kshe23_close,,,,,
V_7kshe24,V_6kshe9_opened,V_6kshe9_closed,V_7kshe24_open,V_7kshe24_close,,,,,
V_7kshe27,V_6kshe102_opened,V_6kshe102_closed,V_7kshe27_open,V_7kshe27_close,,,,,
V_7zpe2,V_6kshe103_opened,V_6kshe103_closed,V_7zpe2_open,V_7zpe2_close,,,,,
V_7kshe8,V_6kshe104_opened,V_6kshe104_closed,V_7kshe8_open,V_7kshe8_close,,,,,
V_7kshe1,V_7kshe23_opened,V_7kshe23_closed,V_7kshe1_open,V_7kshe1_close,,,,,
V_7kshe6,V_7kshe24_opened,V_7kshe24_closed,V_7kshe6_open,V_7kshe6_close,,,,,
V_7kshe3,V_7kshe27_opened,V_7kshe27_closed,V_7kshe3_open,V_7kshe3_close,,,,,
V_7kshe7,V_7zpe2_opened,V_7zpe2_closed,V_7kshe7_open,V_7kshe7_close,,,,,
V_7kshe25,V_7kshe8_opened,V_7kshe8_closed,V_7kshe25_open,V_7kshe25_close,,,,,
V_7kshe26,V_7kshe1_opened,V_7kshe1_closed,V_7kshe26_open,V_7kshe26_close,,,,,
V_7kshe28,V_7kshe6_opened,V_7kshe6_closed,V_7kshe28_open,V_7kshe28_close,,,,,
V_8zpe14,V_7kshe3_opened,V_7kshe3_closed,V_8zpe14_open,V_8zpe14_close,,,,,
V_8zpe15,V_7kshe7_opened,V_7kshe7_closed,V_8zpe15_open,V_8zpe15_close,,,,,
V_8kshe30,V_7kshe25_opened,V_7kshe25_closed,V_8kshe30_open,V_8kshe30_close,,,,,
V_8kshe33,V_7kshe26_opened,V_7kshe26_closed,V_8kshe33_open,V_8kshe33_close,,,,,
V_8kshe34,V_7kshe28_opened,V_7kshe28_closed,V_8kshe34_open,V_8kshe34_close,,,,,
V_8kshe39,V_8zpe14_opened,V_8zpe14_closed,V_8kshe39_open,V_8kshe39_close,,,,,
V_8kshe40,V_8zpe15_opened,V_8zpe15_closed,V_8kshe40_open,V_8kshe40_close,,,,,
V_8kshe44,V_8kshe30_opened,V_8kshe30_closed,V_8kshe44_open,V_8kshe44_close,,,,,
V_8kshe110,V_8kshe33_opened,V_8kshe33_closed,V_8kshe110_open,V_8kshe110_close,,,,,
V_8kshe111,V_8kshe34_opened,V_8kshe34_closed,V_8kshe111_open,V_8kshe111_close,,,,,
V_9zpe1,V_8kshe39_opened,V_8kshe39_closed,V_9zpe1_open,V_9zpe1_close,,,,,
V_9zpe2,V_8kshe40_opened,V_8kshe40_closed,V_9zpe2_open,V_9zpe2_close,,,,,
V_9zpe3,V_8kshe44_opened,V_8kshe44_closed,V_9zpe3_open,V_9zpe3_close,,,,,
V_9zpe5,V_8kshe110_opened,V_8kshe110_closed,V_9zpe5_open,V_9zpe5_close,,,,,
V_9zpe6,V_8kshe111_opened,V_8kshe111_closed,V_9zpe6_open,V_9zpe6_close,,,,,
V_9kshe1,V_9zpe1_opened,V_9zpe1_closed,V_9kshe1_open,V_9kshe1_close,,,,,
V_9kshe3,V_9zpe2_opened,V_9zpe2_closed,V_9kshe3_open,V_9kshe3_close,,,,,
V_9kshe5,V_9zpe3_opened,V_9zpe3_closed,V_9kshe5_open,V_9kshe5_close,,,,,
V_9kshe10,V_9zpe5_opened,V_9zpe5_closed,V_9kshe10_open,V_9kshe10_close,,,,,
V_9kshe23,V_9zpe6_opened,V_9zpe6_closed,V_9kshe23_open,V_9kshe23_close,,,,,
V_9kshe24,V_9kshe1_opened,V_9kshe1_closed,V_9kshe24_open,V_9kshe24_close,,,,,
V_10kshe10,V_9kshe3_opened,V_9kshe3_closed,V_10kshe10_open,V_10kshe10_close,,,,,
V_10kshe1_1,V_9kshe5_opened,V_9kshe5_closed,V_10kshe1_1_open,V_10kshe1_1_close,,,,,
V_10kshe2_1,V_9kshe10_opened,V_9kshe10_closed,V_10kshe2_1_open,V_10kshe2_1_close,,,,,
V_10zpe3_1,V_9kshe23_opened,V_9kshe23_closed,V_10zpe3_1_open,V_10zpe3_1_close,,,,,
V_10zpe4_1,V_9kshe24_opened,V_9kshe24_closed,V_10zpe4_1_open,V_10zpe4_1_close,,,,,
V_10kshe5_1,V_10kshe10_opened,V_10kshe10_closed,V_10kshe5_1_open,V_10kshe5_1_close,,,,,
V_10kshe1_2,V_10kshe1_1_opened,V_10kshe1_1_closed,V_10kshe1_2_open,V_10kshe1_2_close,,,,,
V_10kshe2_2,V_10kshe2_1_opened,V_10kshe2_1_closed,V_10kshe2_2_open,V_10kshe2_2_close,,,,,
V_10zpe3_2,V_10zpe3_1_opened,V_10zpe3_1_closed,V_10zpe3_2_open,V_10zpe3_2_close,,,,,
V_10zpe4_2,V_10zpe4_1_opened,V_10zpe4_1_closed,V_10zpe4_2_open,V_10zpe4_2_close,,,,,
V_10kshe5_2,V_10kshe5_1_opened,V_10kshe5_1_closed,V_10kshe5_2_open,V_10kshe5_2_close,,,,,
V_10kshe1_3,V_10kshe1_2_opened,V_10kshe1_2_closed,V_10kshe1_3_open,V_10kshe1_3_close,,,,,
V_10kshe2_3,V_10kshe2_2_opened,V_10kshe2_2_closed,V_10kshe2_3_open,V_10kshe2_3_close,,,,,
V_10zpe3_3,V_10zpe3_2_opened,V_10zpe3_2_closed,V_10zpe3_3_open,V_10zpe3_3_close,,,,,
V_10zpe4_3,V_10zpe4_2_opened,V_10zpe4_2_closed,V_10zpe4_3_open,V_10zpe4_3_close,,,,,
V_10kshe5_3,V_10kshe5_2_opened,V_10kshe5_2_closed,V_10kshe5_3_open,V_10kshe5_3_close,,,,,
V_10kshe1_4,V_10kshe1_3_opened,V_10kshe1_3_closed,V_10kshe1_4_open,V_10kshe1_4_close,,,,,
V_10kshe2_4,V_10kshe2_3_opened,V_10kshe2_3_closed,V_10kshe2_4_open,V_10kshe2_4_close,,,,,
V_10zpe3_4,V_10zpe3_3_opened,V_10zpe3_3_closed,V_10zpe3_4_open,V_10zpe3_4_close,,,,,
V_10zpe4_4,V_10zpe4_3_opened,V_10zpe4_3_closed,V_10zpe4_4_open,V_10zpe4_4_close,,,,,
V_10kshe5_4,V_10kshe5_3_opened,V_10kshe5_3_closed,V_10kshe5_4_open,V_10kshe5_4_close,,,,,
V_10kshe6,V_10kshe1_4_opened,V_10kshe1_4_closed,V_10kshe6_open,V_10kshe6_close,,,,,
V_10kshe7,V_10kshe2_4_opened,V_10kshe2_4_closed,V_10kshe7_open,V_10kshe7_close,,,,,
V_10kshe8,V_10zpe3_4_opened,V_10zpe3_4_closed,V_10kshe8_open,V_10kshe8_close,,,,,
V_10kshe9,V_10zpe4_4_opened,V_10zpe4_4_closed,V_10kshe9_open,V_10kshe9_close,,,,,
V_11kshe1_1,V_10kshe5_4_opened,V_10kshe5_4_closed,V_11kshe1_1_open,V_11kshe1_1_close,,,,,
V_11kshe2_1,V_10kshe6_opened,V_10kshe6_closed,V_11kshe2_1_open,V_11kshe2_1_close,,,,,
V_11zpe3_1,V_10kshe7_opened,V_10kshe7_closed,V_11zpe3_1_open,V_11zpe3_1_close,,,,,
V_11zpe4_1,V_10kshe8_opened,V_10kshe8_closed,V_11zpe4_1_open,V_11zpe4_1_close,,,,,
V_11kshe5_1,V_10kshe9_opened,V_10kshe9_closed,V_11kshe5_1_open,V_11kshe5_1_close,,,,,
V_11kshe1_2,V_11kshe1_1_opened,V_11kshe1_1_closed,V_11kshe1_2_open,V_11kshe1_2_close,,,,,
V_11kshe2_2,V_11kshe2_1_opened,V_11kshe2_1_closed,V_11kshe2_2_open,V_11kshe2_2_close,,,,,
V_11zpe3_2,V_11zpe3_1_opened,V_11zpe3_1_closed,V_11zpe3_2_open,V_11zpe3_2_close,,,,,
V_11zpe4_2,V_11zpe4_1_opened,V_11zpe4_1_closed,V_11zpe4_2_open,V_11zpe4_2_close,,,,,
V_11kshe5_2,V_11kshe5_1_opened,V_11kshe5_1_closed,V_11kshe5_2_open,V_11kshe5_2_close,,,,,
V_11kshe1_3,V_11kshe1_2_opened,V_11kshe1_2_closed,V_11kshe1_3_open,V_11kshe1_3_close,,,,,
V_11kshe2_3,V_11kshe2_2_opened,V_11kshe2_2_closed,V_11kshe2_3_open,V_11kshe2_3_close,,,,,
V_11zpe3_3,V_11zpe3_2_opened,V_11zpe3_2_closed,V_11zpe3_3_open,V_11zpe3_3_close,,,,,
V_11zpe4_3,V_11zpe4_2_opened,V_11zpe4_2_closed,V_11zpe4_3_open,V_11zpe4_3_close,,,,,
V_11kshe5_3,V_11kshe5_2_opened,V_11kshe5_2_closed,V_11kshe5_3_open,V_11kshe5_3_close,,,,,
V_11kshe1_4,V_11kshe1_3_opened,V_11kshe1_3_closed,V_11kshe1_4_open,V_11kshe1_4_close,,,,,
V_11kshe2_4,V_11kshe2_3_opened,V_11kshe2_3_closed,V_11kshe2_4_open,V_11kshe2_4_close,,,,,
V_11zpe3_4,V_11zpe3_3_opened,V_11zpe3_3_closed,V_11zpe3_4_open,V_11zpe3_4_close,,,,,
V_11zpe4_4,V_11zpe4_3_opened,V_11zpe4_3_closed,V_11zpe4_4_open,V_11zpe4_4_close,,,,,
V_11kshe5_4,V_11kshe5_3_opened,V_11kshe5_3_closed,V_11kshe5_4_open,V_11kshe5_4_close,,,,,
V_11kshe6,V_11kshe1_4_opened,V_11kshe1_4_closed,V_11kshe6_open,V_11kshe6_close,,,,,
V_11zpe5,V_11kshe2_4_opened,V_11kshe2_4_closed,V_11zpe5_open,V_11zpe5_close,,,,,
V_11zpe8,V_11zpe3_4_opened,V_11zpe3_4_closed,V_11zpe8_open,V_11zpe8_close,,,,,
V_11zpe9,V_11zpe4_4_opened,V_11zpe4_4_closed,V_11zpe9_open,V_11zpe9_close,,,,,
V_11kshe7,V_11kshe5_4_opened,V_11kshe5_4_closed,V_11kshe7_open,V_11kshe7_close,,,,,
V_13kshe1,V_11kshe6_opened,V_11kshe6_closed,V_13kshe1_open,V_13kshe1_close,,,,,
V_13kshe2,V_11zpe5_opened,V_11zpe5_closed,V_13kshe2_open,V_13kshe2_close,,,,,
V_13kshe3,V_11zpe8_opened,V_11zpe8_closed,V_13kshe3_open,V_13kshe3_close,,,,,
V_13kshe4,V_11zpe9_opened,V_11zpe9_closed,V_13kshe4_open,V_13kshe4_close,,,,,
V_13kshe5,V_11kshe7_opened,V_11kshe7_closed,V_13kshe5_open,V_13kshe5_close,,,,,
V_13kshe6,V_13kshe1_opened,V_13kshe1_closed,V_13kshe6_open,V_13kshe6_close,,,,,
V_13kshe10,V_13kshe2_opened,V_13kshe2_closed,V_13kshe10_open,V_13kshe10_close,,,,,
V_13zpe102,V_13kshe3_opened,V_13kshe3_closed,V_13zpe102_open,V_13zpe102_close,,,,,
V_13zpe103,V_13kshe4_opened,V_13kshe4_closed,V_13zpe103_open,V_13zpe103_close,,,,,
V_16kshe100,V_13kshe5_opened,V_13kshe5_closed,V_16kshe100_open,V_16kshe100_close,,,,,
V_16kshe101,V_13kshe6_opened,V_13kshe6_closed,V_16kshe101_open,V_16kshe101_close,,,,,
V_16kshe102,V_13kshe10_opened,V_13kshe10_closed,V_16kshe102_open,V_16kshe102_close,,,,,
V_16zpe4,V_13zpe102_opened,V_13zpe102_closed,V_16zpe4_open,V_16zpe4_close,,,,,
V_16kshe4,V_13zpe103_opened,V_13zpe103_closed,V_16kshe4_open,V_16kshe4_close,,,,,
V_16zpe6,V_16kshe100_opened,V_16kshe100_closed,V_16zpe6_open,V_16zpe6_close,,,,,
V_16kshe2,V_16kshe101_opened,V_16kshe101_closed,V_16kshe2_open,V_16kshe2_close,,,,,
V_16kshe3,V_16kshe102_opened,V_16kshe102_closed,V_16kshe3_open,V_16kshe3_close,,,,,
V_16zpe5,V_16zpe4_opened,V_16zpe4_closed,V_16zpe5_open,V_16zpe5_close,,,,,
V_16kshe5,V_16kshe4_opened,V_16kshe4_closed,V_16kshe5_open,V_16kshe5_close,,,,,
V_16zpe7,V_16zpe6_opened,V_16zpe6_closed,V_16zpe7_open,V_16zpe7_close,,,,,
V_16kshe1,V_16kshe2_opened,V_16kshe2_closed,V_16kshe1_open,V_16kshe1_close,,,,,
V_17kshe1,V_16kshe3_opened,V_16kshe3_closed,V_17kshe1_open,V_17kshe1_close,,,,,
V_17kshe6,V_16zpe5_opened,V_16zpe5_closed,V_17kshe6_open,V_17kshe6_close,,,,,
V_17kshe7,V_16kshe5_opened,V_16kshe5_closed,V_17kshe7_open,V_17kshe7_close,,,,,
V_17kshe3,V_16zpe7_opened,V_16zpe7_closed,V_17kshe3_open,V_17kshe3_close,,,,,
V_17kshe4,V_16kshe1_opened,V_16kshe1_closed,V_17kshe4_open,V_17kshe4_close,,,,,
V_17kshe8,V_17kshe1_opened,V_17kshe1_closed,V_17kshe8_open,V_17kshe8_close,,,,,
V_17kshe9,V_17kshe6_opened,V_17kshe6_closed,V_17kshe9_open,V_17kshe9_close,,,,,
V_17kshe102,V_17kshe7_opened,V_17kshe7_closed,V_17kshe102_open,V_17kshe102_close,,,,,
V_17kshe103,V_17kshe3_opened,V_17kshe3_closed,V_17kshe103_open,V_17kshe103_close,,,,,
V_17kshe104,V_17kshe4_opened,V_17kshe4_closed,V_17kshe104_open,V_17kshe104_close,,,,,
V_18zpe2,V_17kshe8_opened,V_17kshe8_closed,V_18zpe2_open,V_18zpe2_close,,,,,
V_18kshe6,V_17kshe102_opened,V_17kshe102_closed,V_18kshe6_open,V_18kshe6_close,,,,,
V_18kshe7,V_17kshe103_opened,V_17kshe103_closed,V_18kshe7_open,V_18kshe7_close,,,,,
V_18kshe1,V_17kshe104_opened,V_17kshe104_closed,V_18kshe1_open,V_18kshe1_close,,,,,
V_18kshe3,V_18zpe2_opened,V_18zpe2_closed,V_18kshe3_open,V_18kshe3_close,,,,,
V_18kshe8,V_18kshe6_opened,V_18kshe6_closed,V_18kshe8_open,V_18kshe8_close,,,,,
V_18kshe23,V_18kshe7_opened,V_18kshe7_closed,V_18kshe23_open,V_18kshe23_close,,,,,
V_18kshe24,V_18kshe1_opened,V_18kshe1_closed,V_18kshe24_open,V_18kshe24_close,,,,,
V_18kshe27,V_18kshe3_opened,V_18kshe3_closed,V_18kshe27_open,V_18kshe27_close,,,,,
V_18kshe25,V_18kshe8_opened,V_18kshe8_closed,V_18kshe25_open,V_18kshe25_close,,,,,
V_18kshe26,V_18kshe23_opened,V_18kshe23_closed,V_18kshe26_open,V_18kshe26_close,,,,,
V_18kshe28,V_18kshe24_opened,V_18kshe24_closed,V_18kshe28_open,V_18kshe28_close,,,,,
V_19zpe14,V_18kshe27_opened,V_18kshe27_closed,V_19zpe14_open,V_19zpe14_close,,,,,
V_19zpe15,V_18kshe25_opened,V_18kshe25_closed,V_19zpe15_open,V_19zpe15_close,,,,,
V_19kshe30,V_18kshe26_opened,V_18kshe26_closed,V_19kshe30_open,V_19kshe30_close,,,,,
V_19kshe33,V_18kshe28_opened,V_18kshe28_closed,V_19kshe33_open,V_19kshe33_close,,,,,
V_19kshe34,V_19zpe14_opened,V_19zpe14_closed,V_19kshe34_open,V_19kshe34_close,,,,,
V_19kshe110,V_19zpe15_opened,V_19zpe15_closed,V_19kshe110_open,V_19kshe110_close,,,,,
V_19kshe39,V_19kshe30_opened,V_19kshe30_closed,V_19kshe39_open,V_19kshe39_close,,,,,
V_19kshe40,V_19kshe33_opened,V_19kshe33_closed,V_19kshe40_open,V_19kshe40_close,,,,,
V_19kshe111,V_19kshe34_opened,V_19kshe34_closed,V_19kshe111_open,V_19kshe111_close,,,,,
V_19kshe44,V_19kshe110_opened,V_19kshe110_closed,V_19kshe44_open,V_19kshe44_close,,,,,
V_20kshe1,V_19kshe39_opened,V_19kshe39_closed,V_20kshe1_open,V_20kshe1_close,,,,,
V_20kshe3,V_19kshe40_opened,V_19kshe40_closed,V_20kshe3_open,V_20kshe3_close,,,,,
V_20kshe5,V_19kshe111_opened,V_19kshe111_closed,V_20kshe5_open,V_20kshe5_close,,,,,
V_20kshe10,V_19kshe44_opened,V_19kshe44_closed,V_20kshe10_open,V_20kshe10_close,,,,,
V_20kshe23,V_20kshe1_opened,V_20kshe1_closed,V_20kshe23_open,V_20kshe23_close,,,,,
V_20kshe24,V_20kshe3_opened,V_20kshe3_closed,V_20kshe24_open,V_20kshe24_close,,,,,
V_20zpe1,V_20kshe5_opened,V_20kshe5_closed,V_20zpe1_open,V_20zpe1_close,,,,,
V_20zpe2,V_20kshe10_opened,V_20kshe10_closed,V_20zpe2_open,V_20zpe2_close,,,,,
V_20zpe3,V_20kshe23_opened,V_20kshe23_closed,V_20zpe3_open,V_20zpe3_close,,,,,
V_20zpe5,V_20kshe24_opened,V_20kshe24_closed,V_20zpe5_open,V_20zpe5_close,,,,,
V_20zpe6,V_20zpe1_opened,V_20zpe1_closed,V_20zpe6_open,V_20zpe6_close,,,,,
V_21kshe6,V_20zpe2_opened,V_20zpe2_closed,V_21kshe6_open,V_21kshe6_close,,,,,
V_21kshe7,V_20zpe3_opened,V_20zpe3_closed,V_21kshe7_open,V_21kshe7_close,,,,,
V_21kshe8,V_20zpe5_opened,V_20zpe5_closed,V_21kshe8_open,V_21kshe8_close,,,,,
V_21kshe9,V_20zpe6_opened,V_20zpe6_closed,V_21kshe9_open,V_21kshe9_close,,,,,
V_21kshe10,V_21kshe6_opened,V_21kshe6_closed,V_21kshe10_open,V_21kshe10_close,,,,,
V_21kshe1_1,V_21kshe7_opened,V_21kshe7_closed,V_21kshe1_1_open,V_21kshe1_1_close,,,,,
V_21kshe2_1,V_21kshe8_opened,V_21kshe8_closed,V_21kshe2_1_open,V_21kshe2_1_close,,,,,
V_21zpe3_1,V_21kshe9_opened,V_21kshe9_closed,V_21zpe3_1_open,V_21zpe3_1_close,,,,,
V_21zpe4_1,V_21kshe10_opened,V_21kshe10_closed,V_21zpe4_1_open,V_21zpe4_1_close,,,,,
V_21kshe5_1,V_21kshe1_1_opened,V_21kshe1_1_closed,V_21kshe5_1_open,V_21kshe5_1_close,,,,,
V_21kshe1_2,V_21kshe2_1_opened,V_21kshe2_1_closed,V_21kshe1_2_open,V_21kshe1_2_close,,,,,
V_21kshe2_2,V_21zpe3_1_opened,V_21zpe3_1_closed,V_21kshe2_2_open,V_21kshe2_2_close,,,,,
V_21zpe3_2,V_21zpe4_1_opened,V_21zpe4_1_closed,V_21zpe3_2_open,V_21zpe3_2_close,,,,,
V_21zpe4_2,V_21kshe5_1_opened,V_21kshe5_1_closed,V_21zpe4_2_open,V_21zpe4_2_close,,,,,
V_21kshe5_2,V_21kshe1_2_opened,V_21kshe1_2_closed,V_21kshe5_2_open,V_21kshe5_2_close,,,,,
V_21kshe1_3,V_21kshe2_2_opened,V_21kshe2_2_closed,V_21kshe1_3_open,V_21kshe1_3_close,,,,,
V_21kshe2_3,V_21zpe3_2_opened,V_21zpe3_2_closed,V_21kshe2_3_open,V_21kshe2_3_close,,,,,
V_21zpe3_3,V_21zpe4_2_opened,V_21zpe4_2_closed,V_21zpe3_3_open,V_21zpe3_3_close,,,,,
V_21zpe4_3,V_21kshe5_2_opened,V_21kshe5_2_closed,V_21zpe4_3_open,V_21zpe4_3_close,,,,,
V_21kshe5_3,V_21kshe1_3_opened,V_21kshe1_3_closed,V_21kshe5_3_open,V_21kshe5_3_close,,,,,
V_21kshe1_4,V_21kshe2_3_opened,V_21kshe2_3_closed,V_21kshe1_4_open,V_21kshe1_4_close,,,,,
V_21kshe2_4,V_21zpe3_3_opened,V_21zpe3_3_closed,V_21kshe2_4_open,V_21kshe2_4_close,,,,,
V_21zpe3_4,V_21zpe4_3_opened,V_21zpe4_3_closed,V_21zpe3_4_open,V_21zpe3_4_close,,,,,
V_21zpe4_4,V_21kshe5_3_opened,V_21kshe5_3_closed,V_21zpe4_4_open,V_21zpe4_4_close,,,,,
V_21kshe5_4,V_21kshe1_4_opened,V_21kshe1_4_closed,V_21kshe5_4_open,V_21kshe5_4_close,,,,,
V_22zpe5,V_21kshe2_4_opened,V_21kshe2_4_closed,V_22zpe5_open,V_22zpe5_close,,,,,
V_22zpe8,V_21zpe3_4_opened,V_21zpe3_4_closed,V_22zpe8_open,V_22zpe8_close,,,,,
V_22zpe9,V_21zpe4_4_opened,V_21zpe4_4_closed,V_22zpe9_open,V_22zpe9_close,,,,,
V_22kshe7,V_21kshe5_4_opened,V_21kshe5_4_closed,V_22kshe7_open,V_22kshe7_close,,,,,
V_22kshe1_1,V_22zpe5_opened,V_22zpe5_closed,V_22kshe1_1_open,V_22kshe1_1_close,,,,,
V_22kshe2_1,V_22zpe8_opened,V_22zpe8_closed,V_22kshe2_1_open,V_22kshe2_1_close,,,,,
V_22zpe3_1,V_22zpe9_opened,V_22zpe9_closed,V_22zpe3_1_open,V_22zpe3_1_close,,,,,
V_22zpe4_1,V_22kshe7_opened,V_22kshe7_closed,V_22zpe4_1_open,V_22zpe4_1_close,,,,,
V_22kshe5_1,V_22kshe1_1_opened,V_22kshe1_1_closed,V_22kshe5_1_open,V_22kshe5_1_close,,,,,
V_22kshe1_2,V_22kshe2_1_opened,V_22kshe2_1_closed,V_22kshe1_2_open,V_22kshe1_2_close,,,,,
V_22kshe2_2,V_22zpe3_1_opened,V_22zpe3_1_closed,V_22kshe2_2_open,V_22kshe2_2_close,,,,,
V_22zpe3_2,V_22zpe4_1_opened,V_22zpe4_1_closed,V_22zpe3_2_open,V_22zpe3_2_close,,,,,
V_22zpe4_2,V_22kshe5_1_opened,V_22kshe5_1_closed,V_22zpe4_2_open,V_22zpe4_2_close,,,,,
V_22kshe5_2,V_22kshe1_2_opened,V_22kshe1_2_closed,V_22kshe5_2_open,V_22kshe5_2_close,,,,,
V_22kshe1_3,V_22kshe2_2_opened,V_22kshe2_2_closed,V_22kshe1_3_open,V_22kshe1_3_close,,,,,
V_22kshe2_3,V_22zpe3_2_opened,V_22zpe3_2_closed,V_22kshe2_3_open,V_22kshe2_3_close,,,,,
V_22zpe3_3,V_22zpe4_2_opened,V_22zpe4_2_closed,V_22zpe3_3_open,V_22zpe3_3_close,,,,,
V_22zpe4_3,V_22kshe5_2_opened,V_22kshe5_2_closed,V_22zpe4_3_open,V_22zpe4_3_close,,,,,
V_22kshe5_3,V_22kshe1_3_opened,V_22kshe1_3_closed,V_22kshe5_3_open,V_22kshe5_3_close,,,,,
V_22kshe1_4,V_22kshe2_3_opened,V_22kshe2_3_closed,V_22kshe1_4_open,V_22kshe1_4_close,,,,,
V_22kshe2_4,V_22zpe3_3_opened,V_22zpe3_3_closed,V_22kshe2_4_open,V_22kshe2_4_close,,,,,
V_22zpe3_4,V_22zpe4_3_opened,V_22zpe4_3_closed,V_22zpe3_4_open,V_22zpe3_4_close,,,,,
V_22zpe4_4,V_22kshe5_3_opened,V_22kshe5_3_closed,V_22zpe4_4_open,V_22zpe4_4_close,,,,,
V_22kshe5_4,V_22kshe1_4_opened,V_22kshe1_4_closed,V_22kshe5_4_open,V_22kshe5_4_close,,,,,
V_22kshe6,V_22kshe2_4_opened,V_22kshe2_4_closed,V_22kshe6_open,V_22kshe6_close,,,,,
V_23kshv1,V_22zpe3_4_opened,V_22zpe3_4_closed,V_23kshv1_open,V_23kshv1_close,,,,,
V_23kshv3,V_22zpe4_4_opened,V_22zpe4_4_closed,V_23kshv3_open,V_23kshv3_close,,,,,
V_23kshv4,V_22kshe5_4_opened,V_22kshe5_4_closed,V_23kshv4_open,V_23kshv4_close,,,,,
V_23kshv5,V_22kshe6_opened,V_22kshe6_closed,V_23kshv5_open,V_23kshv5_close,,,,,
V_23kshv6,V_23kshv1_opened,V_23kshv1_closed,V_23kshv6_open,V_23kshv6_close,,,,,
V_23kshv102,V_23kshv3_opened,V_23kshv3_closed,V_23kshv102_open,V_23kshv102_close,,,,,
V_23kshv103,V_23kshv4_opened,V_23kshv4_closed,V_23kshv103_open,V_23kshv103_close,,,,,
V_23kshv104,V_23kshv5_opened,V_23kshv5_closed,V_23kshv104_open,V_23kshv104_close,,,,,
V_23kshv105,V_23kshv6_opened,V_23kshv6_closed,V_23kshv105_open,V_23kshv105_close,,,,,
V_23kshv106,V_23kshv102_opened,V_23kshv102_closed,V_23kshv106_open,V_23kshv106_close,,,,,
V_23kshv201,V_23kshv103_opened,V_23kshv103_closed,V_23kshv201_open,V_23kshv201_close,,,,,
V_23kshv202,V_23kshv104_opened,V_23kshv104_closed,V_23kshv202_open,V_23kshv202_close,,,,,
V_23kshv203,V_23kshv105_opened,V_23kshv105_closed,V_23kshv203_open,V_23kshv203_close,,,,,
V_23kshv204,V_23kshv106_opened,V_23kshv106_closed,V_23kshv204_open,V_23kshv204_close,,,,,
V_24kshe12,V_23kshv201_opened,V_23kshv201_closed,V_24kshe12_open,V_24kshe12_close,,,,,
V_24kshe13,V_23kshv202_opened,V_23kshv202_closed,V_24kshe13_open,V_24kshe13_close,,,,,
V_24kshe6,V_23kshv203_opened,V_23kshv203_closed,V_24kshe6_open,V_24kshe6_close,,,,,
V_24kshe7,V_23kshv204_opened,V_23kshv204_closed,V_24kshe7_open,V_24kshe7_close,,,,,
V_24kshe2,V_24kshe12_opened,V_24kshe12_closed,V_24kshe2_open,V_24kshe2_close,,,,,
V_24kshe9,V_24kshe13_opened,V_24kshe13_closed,V_24kshe9_open,V_24kshe9_close,,,,,
V_24kshe14,V_24kshe6_opened,V_24kshe6_closed,V_24kshe14_open,V_24kshe14_close,,,,,
V_24kshe15,V_24kshe7_opened,V_24kshe7_closed,V_24kshe15_open,V_24kshe15_close,,,,,
V_24kshe11,V_24kshe2_opened,V_24kshe2_closed,V_22kshe11_open,V_22kshe11_close,,,,,
V_24zpv1,V_24kshe9_opened,V_24kshe9_closed,V_22zpe10_open,V_24zpv1_setOpen,,,,,
V_24zpv2,V_24kshe14_opened,V_24kshe14_closed,V_14zpe14_open,V_24zpv2_setOpen,,,,,
V_24zpv3,V_24kshe15_opened,V_24kshe15_closed,V_14zpe17_open,V_24zpv3_setOpen,,,,,
V_24zpv4,V_24kshe11_opened,V_24kshe11_closed,V_14zpe10_open,V_24zpv4_setOpen,,,,,
V_24zpv5,V_24zpv1_opened,V_24zpv1_closed,V_14kshe1_1_open,V_24zpv5_setOpen,,,,,
V_24zpv6,V_24zpv2_opened,V_24zpv2_closed,V_14kshe2_1_open,V_24zpv6_setOpen,,,,,
V_24zpv7,V_24zpv3_opened,V_24zpv3_closed,V_14zpe3_1_open,V_24zpv7_setOpen,,,,,
V_24zpv8,V_24zpv4_opened,V_24zpv4_closed,V_14zpe4_1_open,V_24zpv8_setOpen,,,,,
V_24zpv9,V_24zpv5_opened,V_24zpv5_closed,V_14kshe5_1_open,V_24zpv9_setOpen,,,,,
V_24zpv10,V_24zpv6_opened,V_24zpv6_closed,V_14kshe1_2_open,V_24zpv10_setOpen,,,,,
V_24zpv11,V_24zpv7_opened,V_24zpv7_closed,V_14kshe2_2_open,V_24zpv11_setOpen,,,,,
V_24zpv12,V_24zpv8_opened,V_24zpv8_closed,V_14zpe3_2_open,V_24zpv12_setOpen,,,,,
V_24zpv13,V_24zpv9_opened,V_24zpv9_closed,V_14zpe4_2_open,V_24zpv13_setOpen,,,,,
V_24zpv14,V_24zpv10_opened,V_24zpv10_closed,V_14kshe5_2_open,V_24zpv14_setOpen,,,,,
V_24kshv1,V_24zpv11_opened,V_24zpv11_closed,V_14kshe1_3_open,V_24kshv1_setOpen,,,,,
V_24kshv2,V_24zpv12_opened,V_24zpv12_closed,V_14kshe2_3_open,V_24kshv2_setOpen,,,,,
V_24kshv3,V_24zpv13_opened,V_24zpv13_closed,V_14zpe3_3_open,V_24kshv3_setOpen,,,,,
V_24kshv4,V_24zpv14_opened,V_24zpv14_closed,V_14zpe4_3_open,V_24kshv4_setOpen,,,,,
V_24kshv5,V_24kshv1_opened,V_24kshv1_closed,V_14kshe5_3_open,V_24kshv5_setOpen,,,,,
V_24kshv6,V_24kshv2_opened,V_24kshv2_closed,V_14kshe1_4_open,V_24kshv6_setOpen,,,,,
V_24kshv8,V_24kshv3_opened,V_24kshv3_closed,V_14kshe2_4_open,V_24kshv8_setOpen,,,,,
V_24kshv9,V_24kshv4_opened,V_24kshv4_closed,V_14zpe3_4_open,V_24kshv9_setOpen,,,,,
V_24kshv10,V_24kshv5_opened,V_24kshv5_closed,V_14zpe4_4_open,V_24kshv10_setOpen,,,,,
V_24kshv11,V_24kshv6_opened,V_24kshv6_closed,V_14kshe5_4_open,V_24kshv11_setOpen,,,,,
V_24kshv12,V_24kshv8_opened,V_24kshv8_closed,V_14kshe1_5_open,V_24kshv12_setOpen,,,,,
V_24kshv14,V_24kshv9_opened,V_24kshv9_closed,V_14kshe2_5_open,V_24kshv14_setOpen,,,,,
V_24kshv16,V_24kshv10_opened,V_24kshv10_closed,V_14zpe3_5_open,V_24kshv16_setOpen,,,,,
V_24kshv17,V_24kshv11_opened,V_24kshv11_closed,V_14zpe4_5_open,V_24kshv17_setOpen,,,,,
V_12kshv1,V_24kshv12_opened,V_24kshv12_closed,V_14kshe_5_5_open,V_12kshv1_setOpen,,,,,
V_12kshv6,V_24kshv14_opened,V_24kshv14_closed,V_14kshe_1_6_open,V_12kshv6_setOpen,,,,,
V_12kshv3,V_24kshv16_opened,V_24kshv16_closed,V_14kshe_2_6_open,V_12kshv3_setOpen,,,,,
V_12kshv4,V_24kshv17_opened,V_24kshv17_closed,V_14zpe3_6_open,V_12kshv4_setOpen,,,,,
V_12kshv300,V_12kshv1_opened,V_12kshv1_closed,V_14zpe4_6_open,V_12kshv300_setOpen,,,,,
V_12kshv301,V_12kshv6_opened,V_12kshv6_closed,V_14kshe5_6_open,V_12kshv301_setOpen,,,,,
V_12kshv5,V_12kshv3_opened,V_12kshv3_closed,V_14kshv6_open,V_12kshv5_setOpen,,,,,
V_12kshv204,V_12kshv4_opened,V_12kshv4_closed,V_14kshv7_open,V_12kshv204_setOpen,,,,,
V_12kshv201,V_12kshv300_opened,V_12kshv300_closed,V_14zpe18_open,V_12kshv201_setOpen,,,,,
V_12kshv202,V_12kshv301_opened,V_12kshv301_closed,V_14zpe11_open,V_12kshv202_setOpen,,,,,
V_12kshv203,V_12kshv5_opened,V_12kshv5_closed,V_14zpe19_open,V_12kshv203_setOpen,,,,,
V_12kshv102,V_12kshv204_opened,V_12kshv204_closed,V_14kshv8_open,V_12kshv102_setOpen,,,,,
V_12kshv103,V_12kshv201_opened,V_12kshv201_closed,V_14kshv9_open,V_12kshv103_setOpen,,,,,
V_12kshv104,V_12kshv202_opened,V_12kshv202_closed,V_3kshe7_open,V_12kshv104_setOpen,,,,,
V_12kshv105,V_12kshv203_opened,V_12kshv203_closed,V_3kshe8_open,V_12kshv105_setOpen,,,,,
V_12kshv106,V_12kshv102_opened,V_12kshv102_closed,V_3kshe9_open,V_12kshv106_setOpen,,,,,
V_22zpe10,V_12kshv103_opened,V_12kshv103_closed,V_22zpe10_open,V_22zpe10_close,,,,,
V_14zpe14,V_12kshv104_opened,V_12kshv104_closed,,V_14zpe14_close,,,,,
V_14zpe17,V_12kshv105_opened,V_12kshv105_closed,,V_14zpe17_close,,,,,
V_14zpe10,V_12kshv106_opened,V_12kshv106_closed,,V_14zpe10_close,,,,,
V_14kshe1_1,V_22zpe10_opened,V_22zpe10_closed,,V_14kshe1_1_close,,,,,
V_14kshe2_1,V_14zpe14_opened,V_14zpe14_closed,,V_14kshe2_1_close,,,,,
V_14zpe3_1,V_14zpe17_opened,V_14zpe17_closed,,V_14zpe3_1_close,,,,,
V_14zpe4_1,V_14zpe10_opened,V_14zpe10_closed,,V_14zpe4_1_close,,,,,
V_14kshe5_1,V_14kshe_1_opened,V_14kshe1_1_closed,,V_14kshe5_1_close,,,,,
V_14kshe1_2,V_14kshe2_1_opened,V_14kshe2_1_closed,,V_14kshe1_2_close,,,,,
V_14kshe2_2,V_14zpe3_1_opened,V_14zpe3_1_closed,,V_14kshe2_2_close,,,,,
V_14zpe3_2,V_14zpe4_1_opened,V_14zpe4_1_closed,,V_14zpe3_2_close,,,,,
V_14zpe4_2,V_14kshe5_1_opened,V_14kshe5_1_closed,,V_14zpe4_2_close,,,,,
V_14kshe5_2,V_14kshe1_2_opened,V_14kshe1_2_closed,,V_14kshe5_2_close,,,,,
V_14kshe1_3,V_14kshe2_2_opened,V_14kshe2_2_closed,,V_14kshe1_3_close,,,,,
V_14kshe2_3,V_14zpe3_2_opened,V_14zpe3_2_closed,,V_14kshe2_3_close,,,,,
V_14zpe3_3,V_14zpe4_2_opened,V_14zpe4_2_closed,,V_14zpe3_3_close,,,,,
V_14zpe4_3,V_14kshe5_2_opened,V_14kshe5_2_closed,,V_14zpe4_3_close,,,,,
V_14kshe5_3,V_14kshe1_3_opened,V_14kshe1_3_closed,,V_14kshe5_3_close,,,,,
V_14kshe1_4,V_14kshe2_3_opened,V_14kshe2_3_closed,,V_14kshe1_4_close,,,,,
V_14kshe2_4,V_14zpe3_3_opened,V_14zpe3_3_closed,,V_14kshe2_4_close,,,,,
V_14zpe3_4,V_14zpe4_3_opened,V_14zpe4_3_closed,,V_14zpe3_4_close,,,,,
V_14zpe4_4,V_14kshe5_3_opened,V_14kshe5_3_closed,,V_14zpe4_4_close,,,,,
V_14kshe5_4,V_14kshe1_4_opened,V_14kshe1_4_closed,,V_14kshe5_4_close,,,,,
V_14kshe1_5,V_14kshe2_4_opened,V_14kshe2_4_closed,,V_14kshe1_5_close,,,,,
V_14kshe2_5,V_14zpe3_4_opened,V_14zpe3_4_closed,,V_14kshe2_5_close,,,,,
V_14zpe3_5,V_14zpe4_4_opened,V_14zpe4_4_closed,,V_14zpe3_5_close,,,,,
V_14zpe4_5,V_14kshe5_4_opened,V_14kshe5_4_closed,,V_14zpe4_5_close,,,,,
V_14kshe_5_5,V_14kshe1_5_opened,V_14kshe1_5_closed,,V_14kshe_5_5_close,,,,,
V_14kshe_1_6,V_14kshe2_5_opened,V_14kshe2_5_closed,,V_14kshe_1_6_close,,,,,
V_143kshe_2_6,V_14zpe3_5_opened,V_14zpe3_5_closed,,V_14kshe_2_6_close,,,,,
V_14zpe3_6,V_14zpe4_5_opened,V_14zpe4_5_closed,,V_14zpe3_6_close,,,,,
V_14zpe4_6,V_14kshe5_5_opened,V_14kshe5_5_closed,,V_14zpe4_6_close,,,,,
V_14kshe5_6,V_14kshe1_6_opened,V_14kshe1_6_closed,,V_14kshe5_6_close,,,,,
V_14kshe6,V_14kshe2_6_opened,V_14kshe2_6_closed,,V_14kshv6_close,,,,,
V_14kshe7,V_14zpe3_6_opened,V_14zpe3_6_closed,,V_14kshv7_close,,,,,
V_14zpe18,V_14zpe4_6_opened,V_14zpe4_6_closed,,V_14zpe18_close,,,,,
V_14zpe11,V_14kshe5_6_opened,V_14kshe5_6_closed,,V_14zpe11_close,,,,,
V_14zpe19,V_14kshe6_opened,V_14kshe6_closed,,V_14zpe19_close,,,,,
V_14kshv8,V_14kshe7_opened,V_14kshe7_closed,,V_14kshv8_close,,,,,
V_14kshv9,V_14zpe18_opened,V_14zpe18_closed,,V_14kshv9_close,,,,,
V_3kshe7,V_14zpe11_opened,V_14zpe11_closed,,V_3kshe7_close,,,,,
V_3kshe8,V_14zpe19_opened,V_14zpe19_closed,,V_3kshe8_close,,,,,
V_3kshe9,V_14kshe8_opened,V_14kshe8_closed,,V_3kshe9_close,,,,,
V_2zpv12,V_14kshe9_opened,V_14kshe9_closed,,V_2zpv12_setOpen,,,,,
V_2zpe12,,,,,,,,,
V_22zpe8_eco,,,,,,,,,
V_14kshe5_5,,,,,,,,,
V_14kshe1_6,,,,,,,,,
V_143kshe2_6,,,,,,,,,
V_14kshe8,,,,,,,,,
V_14kshe9,,,,,,,,,
V_14kshe9,,,,,,,,,
V_14kshe9,,,,,,,,,
V_14kshe8,,,,,,,,,
V_14kshe9,,,,,,,,,
V_14epe1_2,,,,,,,,,
V_14epe2_2,,,,,,,,,
V_14epe5_2,,,,,,,,,
V_14epe1_3,,,,,,,,,
V_14epe2_3,,,,,,,,,
V_14epe1_4,,,,,,,,,
V_14epe2_4,,,,,,,,,
V_14epe5_4,,,,,,,,,
V_14epe1_5,,,,,,,,,
V_14epe2_5,,,,,,,,,
V_14epe5_5,,,,,,,,,
V_14epe1_6,,,,,,,,,
V_14epe2_6,,,,,,,,,
V_14epe6,,,,,,,,,
V_14epe7,,,,,,,,,
V_14epe8,,,,,,,,,
V_2zpe12,,,,,,,,,
