AI(PAZ),AI,DI,DI (PAZ),VALVE,,PUMP,Нет сигнала,,,Исправить,,Диагностика. Нет сигналов
Objects.AI.QZT_2_2Q1,Objects.AI.FT_2F3,Objects.DI.LS_2L29_P2_max,Objects.DI.PZS_7P5_double,Objects.VALVE.V_2kshe10,ШС15.1,Objects.PUMP.DN2_pump,2kshe100,Objects.VALVE.V_2kshe100,1,Из шкафа 7-ШС10.1 удалить аналоговый датчик LS-25L4 (Этот датчик дискретный и находится в шкафу 7-ШС12.1),Куприянов,ШС7-РСУ Модули центрального процессора CU 00 151
Objects.AI.QZT_2_2Q2,Objects.AI.FT_2F4,Objects.DI.LS_2L27_P1_max,Objects.DI.PZS_7P4_double,Objects.VALVE.V_2kshe135,Objects.VALVE.V_15zpe5,Objects.PUMP.N0_1_pump,M005,,2,В шкафу 7-ШС9.1 изменить тип сигнала LS-25L3 с аналогового на дискретный,Брусницын,
Objects.AI.QZT_2_2Q3,Objects.AI.LT_2L2,Objects.DI.bat_7SHS1_1_low,Objects.DI.LZS_8L21_double,Objects.VALVE.V_2kshe15,Objects.VALVE.V_15kshe2,Objects.PUMP.N0_2_pump,M006,,3,В шкафу 7-ШС4.1 убрать сигнал FI-4F4 (вторичный показывающий прибор по месту),Брусницын,
Objects.AI.QZT_2_2Q4,Objects.AI.LT_2L10,Objects.DI.bat_7SHS1_1_status,Objects.DI.LZS_8L23_double,Objects.VALVE.V_2zpe40,Objects.VALVE.V_15kshe21,Objects.PUMP.DN1_pump,M007,,4,В шкафу 7-ПАЗ.1 изменить тип сигнала LZT-2L23/1 и LZT-2L23/2 с аналогового на дискретный ,Брусницын,
Objects.AI.QZT_3Q3,Objects.AI.TT_2T1,Objects.DI.LS_2L24,Objects.DI.LZS_12L21_double,Objects.VALVE.V_2zpe105,ШС13.1,Objects.PUMP.M003_motor,M012,,5,В шкафу 7-ШС24.1 нет сигналов управления клапаном 24кшэ8,Гусев,
Objects.AI.QZT_3Q4,Objects.AI.TT_2T6,Objects.DI.LS_2L26,Objects.DI.LZS_12L25_double,Objects.VALVE.V_2zpe111,Objects.VALVE.V_13kshe100,Objects.PUMP.M004_motor,M013,,6,В шкафу 7-ШС15.1 изменить тип сигнала PT-15P7 с дискретного на аналоговый,Ларигин,
Objects.AI.QZT_3Q5,Objects.AI.LT_2L1,Objects.DI.LS_2L28,Objects.DI.LZS_12L26_double,Objects.VALVE.V_2zpe117,Objects.VALVE.V_13vre13,Objects.PUMP.DN3_pump,M014,,7,"В шкаф  ПАЗ.3 добавить два аналоговых сигнала LZT-17L20/1, LZT-17L20/2",Брусницын,
Objects.AI.QZT_6Q4,Objects.AI.LT_2L6,Objects.DI.LS_25L1,Objects.DI.PZS_17P23_double,Objects.VALVE.V_2zpe119,ШС17.1,Objects.PUMP.NO1_pump,M015,,8,"В Шкафу ПАЗ.2 сигнал LZS_13L6_1 и LZS_13L6_2 аналоговый сигнал, в рабочей документации дискретный ",Брусницын,
Objects.AI.QZT_7Q34_double,Objects.AI.LT_2L7,Objects.DI.TE_2T11,Objects.DI.PZS_18P5_double,Objects.VALVE.V_2zpe125,Objects.VALVE.V_17kshe100,Objects.PUMP.NDG1_1_pump,ДН4,,9,"В Шкафу ПАЗ.2 сигнал LZS_13L23_1 и LZS_13L23_2 аналоговый сигнал, в рабочей документации дискретный ",Брусницын,
Objects.AI.QZT_13Q20,Objects.AI.LT_2L12,Objects.DI.PS_2P9,Objects.DI.PZS_18P4_double,Objects.VALVE.V_2zpe41,Objects.VALVE.V_17kshe2,Objects.PUMP.NO2_pump,2zpv12,Objects.VALVE.V_2zpv12,10,"В шкафу 7-ШС23.1 сигнал PS_23P11, PS_23P18, PS_23P19 аналоги, в рабочей документации дискретный сигнал",,
Objects.AI.QZT_14Q3,Objects.AI.QT_2Q2_pH,Objects.DI.PS_2P8,Objects.DI.LZS_19L21_double,Objects.VALVE.V_2kshe105,Objects.VALVE.V_17kshe5,Objects.PUMP.NDG1_2_pump,,,11,В шкафу 7-ШС2.1 нет аналогового сигнала LT-2L9,Ларигин,
Objects.AI.QZT_14Q4,Objects.AI.TT_2T8,Objects.DI.bat_7SHS2_1_low,Objects.DI.LZS_19L23_double,Objects.VALVE.V_2zpe39,ШС18.1,Objects.PUMP.ND1_1_pump,7-ШС3.1,,12,В шкафу 7-ШС5.1 нет сигнала DI XS_Нм2/1 с кнопочного поста промывки,,
Objects.AI.QZT_14Q5,Objects.AI.FT_3F1,Objects.DI.bat_7SHS2_1_status,Objects.DI.LZS_19L25_double,Objects.VALVE.V_2zpe106,Objects.VALVE.V_18kshe2,Objects.PUMP.ND2_1_pump,2L30,Objects.DI.LS_2L30_lvl,13,Нет сигнала LT-2L9. Датчик LT-2L10 (подключен к 7-ШС1.1) и LT_2L9 по рабочей документации подключаются к 7-ШС2.1,,
Objects.AI.QZT_17Q4,Objects.AI.LT_3L1,Objects.DI.bat_7SHS3_1_low,Objects.DI.LZS_19L27_double,Objects.VALVE.V_2zpe112,Objects.VALVE.V_18kshe21,Objects.PUMP.ND2_2_pump,3zpe15,Objects.VALVE.V_3zpe15,,,,
Objects.AI.QZT_18Q3,Objects.AI.PDT_3P16,Objects.DI.bat_7SHS3_1_staus,Objects.DI.LZS_23L21_double,Objects.VALVE.V_2zpe118,Objects.VALVE.V_18kshe5,Objects.PUMP.Hot1_pump,3кшэ7,Objects.VALVE.V_3kshe7,,,,
Objects.AI.QZT_18Q4,Objects.AI.LT_3L2,Objects.DI.bat_7SHS5_1_low,Objects.DI.LZS_23L25_double,Objects.VALVE.V_2zpe120,ШС19.1,Objects.PUMP.ND3_1_pump,3кшэ8,Objects.VALVE.V_3kshe8,,,,
Objects.AI.QZT_3Q2_double,Objects.AI.LT_3L3,Objects.DI.bat_7SHS5_1_status,Objects.DI.LZS_23L26_double,Objects.VALVE.V_2zpe126,Objects.VALVE.V_19kshe100,Objects.PUMP.ND3_2_pump,3кшэ9,Objects.VALVE.V_3kshe9,Узел флатации,,,
Objects.AI.QZT_14Q2_double,Objects.AI.LT_3L4,Objects.DI.bat_7SHS15_1_low,Objects.DI.PZS_24P20_double,Objects.VALVE.V_2zpe38,Objects.VALVE.V_19kshe102,Objects.PUMP.ND3_3_pump,3кшэ12,Objects.VALVE.V_3kshe12,,Н51/1,,
Objects.AI.TZT_2T20_double,Objects.AI.FT_3F7,Objects.DI.bat_7SHS15_1_status,Objects.DI.PZS_24P21_double,Objects.VALVE.V_2zpe18,Objects.VALVE.V_19kshe103,Objects.PUMP.N5_1_pump,3кшэ13,Objects.VALVE.V_3kshe13,,Н51/2,,
Objects.AI.TZT_13T20_double,Objects.AI.FT_3F8,Objects.DI.bat_7SHS4_1_status,Objects.DI.PZS_24P22_double,Objects.VALVE.V_2zpe19,Objects.VALVE.V_19kshe105,Objects.PUMP.N6_1_pump,7-ШС4.1,,ШУ-Ф1,FT-2F1,,
Objects.AI.LZS_2L33_double,Objects.AI.FT_3F9,Objects.DI.bat_7SHS4_1_low,Objects.DI.PZS_24P23_double,Objects.VALVE.V_2zpe20,Objects.VALVE.V_19kshe106,Objects.PUMP.N7_1_pump,4кшэ2,Objects.VALVE.V_4kshe2,ШУ-Ф1,2зпэ22,DI/DO,
Objects.AI.LZS_2L34_double,Objects.AI.QT_3Q1_pH,Objects.DI.but_7SHS4_1_failure_stop,Objects.DI.PZS_24P24_double,Objects.VALVE.V_2zpe21,Objects.VALVE.V_19kshe108,Objects.PUMP.V3_1_motor,4зпэ5,Objects.VALVE.V_4zpe5,ШУ-Ф1,2зпэ36,DI/DO,
Objects.AI.QZT_2Q21_A_double,Objects.AI.FT_5F1,Objects.DI.bat_7SHS6_1_low,Objects.DI.PZS_24P26_double,Objects.VALVE.V_2zpe136,ШС20.1,Objects.PUMP.ND8_1_pump,4кшэ21,Objects.VALVE.V_4kshe21,ШУ-Ф1,2эк1,Питание,
Objects.AI.QZT_2Q21_B_double,Objects.AI.FT_5F2,Objects.DI.bat_7SHS6_1_status,Objects.DI.PZS_24P27_double,Objects.VALVE.V_2zpe138,Objects.VALVE.V_20kshe2,Objects.PUMP.N10_1_pump,Мешалка Ем1/1,,ШУ-Ф1,TE-2T9,,
Objects.AI.LZS_2L32_double,Objects.AI.LT_5L1,Objects.DI.bat_7SHS7_1_low,Objects.DI.PZS_24P28_double,Objects.VALVE.V_2zpe137,Objects.VALVE.V_20kshe21,Objects.PUMP.NM2_1_pump,7-ШС5.1,,ШУ-Ф1,LS-2L5,DI,
Objects.AI.LZT_2L21_double,Objects.AI.LT_5L3_min,Objects.DI.bat_7SHS7_1_status,Objects.DI.PZS_24P29_double,Objects.VALVE.V_2zpe139,ШС21.1,Objects.PUMP.EM2_1_motor,,,ШУ-Ф1,PS-2P29,DI,
Objects.AI.LZT_2L20_double,Objects.AI.TT_5T1,Objects.DI.bat_7SHS8_1_low,Objects.DI.PZS_24P30_double,Objects.VALVE.V_2kshe2,Objects.VALVE.V_21kshe100,Objects.PUMP.N31_2_pump,7-ШС6.1,,ШУ-Ф1,LT-2L3,AI,
Objects.AI.LZT_2L25_double,Objects.AI.TT_5T2,Objects.DI.bat_7SHS8_1_status,Objects.DI.PZS_24P31_double,Objects.VALVE.V_2kshe3,Objects.VALVE.V_21kshe101,Objects.PUMP.N32_2_pump,6кшэ5,Objects.VALVE.V_6kshe5,ШУ-Ф1,FT-2F1,AI,
Objects.AI.PZT_2P23_double,Objects.AI.QT_5Q1_electrical_conductivity,Objects.DI.LS_8L13_leak,Objects.DI.PZS_3P11_double,Objects.VALVE.V_2kshe4,ШС23.1,Objects.PUMP.NM1_2_pump,6кшэ2,Objects.VALVE.V_6kshe2,ШУ-Ф1,QT-2Q1,AI,
Objects.AI.LZS_2L23_double,Objects.AI.PT_5P4,Objects.DI.LS_8L14_leak,Objects.DI.PZS_3P12_double,Objects.VALVE.V_2kshe5,Objects.VALVE.V_23kshv2,Objects.PUMP.ND9_2_pump,6кшэ100,Objects.VALVE.V_6kshe100,ШУ-Ф1,2зпэ24,DI/DO,
Objects.AI.PZT_2P20_double,Objects.AI.PT_5P5,Objects.DI.LS_8L15_leak,Objects.DI.PZS_3P18_double,Objects.VALVE.V_2kshe1,Objects.VALVE.V_23kpv200,Objects.PUMP.EM1_2_motor,PZS 6P23_1/2,,ШУ-Ф1,2зпэ25,DI/DO,
Objects.AI.LZT_3L6_double,Objects.AI.PT_5P6,Objects.DI.LS_8L16_leak,Objects.DI.PZS_21P16_double,Objects.VALVE.V_2kshe6,Objects.VALVE.V_23kpv201,Objects.PUMP.N31_1_pump,7-ШС7.1,,ШУ-Ф1,2зпэ26,DI/DO,
Objects.AI.LZT_3L7_double,Objects.AI.PT_5P10,Objects.DI.LS_8L17_leak,,Objects.VALVE.V_2zpe102,Objects.VALVE.V_23kpv202,Objects.PUMP.N32_1_pump,7кшэ5,Objects.VALVE.V_7kshe5,ШУ-Ф1,2зпэ27,DI/DO,
Objects.AI.LZT_3L8_double,Objects.AI.PT_5P11,Objects.DI.PS_8P9_pressure_diff,,Objects.VALVE.V_2zpe103,Objects.VALVE.V_23kpv203,Objects.PUMP.NM1_1_pump,7кшэ21,Objects.VALVE.V_7kshe21,ШУ-Ф1,2зпэ28,,
Objects.AI.LZT_3L9_double,Objects.AI.QT_15Q1_electrical_conductivity,Objects.DI.PS_8P10_pressure_diff,,Objects.VALVE.V_2kshe12,Objects.VALVE.V_23kpv204,Objects.PUMP.ND9_1_pump,PZS_7P4_1/2,,ШУ-Ф1,2зпэ29,,
Objects.AI.PZT_4P15_double,Objects.AI.FT_15F1,Objects.DI.PS_8P11_pressure_diff,,Objects.VALVE.V_3zpe14,Objects.VALVE.V_23kpv205,Objects.PUMP.N11_2_pump,PZS_7P5_1/2,,ШУ-Ф1,"LE-2L11(a,b,c)",DI,
Objects.AI.PZT_4P16_double,Objects.AI.QT_15Q2_electrical_conductivity,Objects.DI.PS_8P12_pressure_diff,,Objects.VALVE.V_3zpe17,Objects.VALVE.V_23kshv200,Objects.PUMP.NM3_1_pump,7-ШС8.1,,ШУ-Ф1,LS-2L13,DI,
Objects.AI.QZT_4Q3_double,Objects.AI.FT_15F2,Objects.DI.PDS_8P32_pressure_diff,,Objects.VALVE.V_3zpe10,Objects.VALVE.V_23kshv100,Objects.PUMP.N11_1_pump,8кшэ100,Objects.VALVE.V_8kshe100,ШУ-Ф1,LS-2L14,DI,
Objects.AI.PZT_6P20_double,Objects.AI.FT_15F3,Objects.DI.PDS_8P33_pressure_diff,,Objects.VALVE.V_3kshe1_1,Objects.VALVE.V_23kshv101,Objects.PUMP.EM3_1_motor,8кшэ103,Objects.VALVE.V_8kshe103,ШУ-Ф1,LS-2L15,DI,
Objects.AI.PZT_6P21_double,Objects.AI.LT_15L4,Objects.DI.LS_8L30_high_lvl,,Objects.VALVE.V_3kshe2_1,ШС24.1,Objects.PUMP.N12_1_pump,8кшэ102,Objects.VALVE.V_8kshe102,ШУ-Ф2,2зпэ23,DI/DO,
Objects.AI.QZT_6Q21_double,Objects.AI.PT_15P13,Objects.DI.LS_8L31_low_lvl,,Objects.VALVE.V_3kshe3_1,Objects.VALVE.V_24kshe1,Objects.PUMP.N12_2_pump,8кшэ105,Objects.VALVE.V_8kshe105,ШУ-Ф2,2зпэ37,DI/DO,
Objects.AI.QZT_6Q20_double,Objects.AI.PT_15P17,Objects.DI.bat_7SHS9_1_low,,Objects.VALVE.V_3zpe4_1,Objects.VALVE.V_24kshe3,Objects.PUMP.N13_1_pump,8кшэ106,Objects.VALVE.V_8kshe106,ШУ-Ф2,2эк2,Питание,
Objects.AI.LZT_6L20_double,Objects.AI.PT_15P14,Objects.DI.bat_7SHS9_1_status,,Objects.VALVE.V_3kshe5_1,Objects.VALVE.V_24kshe4,Objects.PUMP.NM4_1_pump,8кшэ108,Objects.VALVE.V_8kshe108,ШУ-Ф2,TE-2T10,,
Objects.AI.PZT_22P20_double,Objects.AI.PT_15P18,Objects.DI.bat_7SHS10_1_low,,Objects.VALVE.V_3kshe1_2,Objects.VALVE.V_24kshe5,Objects.PUMP.EM4_1_motor,8M1,,ШУ-Ф2,LS-2L8,DI,
Objects.AI.LZT_24L19_double,Objects.AI.TT_15T1,Objects.DI.bat_7SHS10_1_status,,Objects.VALVE.V_3kshe2_2,Objects.VALVE.V_24kshe10,Objects.PUMP.ND17_1_pump,7-ШС9.1,,ШУ-Ф2,PS-2P30,DI,
Objects.AI.LZT_21L20_double,Objects.AI.PT_15P9,Objects.DI.bat_7SHS11_1_low,,Objects.VALVE.V_3kshe3_2,Objects.VALVE.V_24zpe1,Objects.PUMP.ND18_1_pump,9кшэ21,Objects.VALVE.V_9kshe21,ШУ-Ф2,LT-2L4,AI,
Objects.AI.LZS_8L25_double,Objects.AI.LT_15L1,Objects.DI.bat_7SHS11_1_status,,Objects.VALVE.V_3zpe4_2,Objects.VALVE.V_24zpe2,Objects.PUMP.ND19_1_pump,9кшэ2,Objects.VALVE.V_9kshe2,ШУ-Ф2,FT-2F2,AI,
Objects.AI.LZS_8L27_double,Objects.AI.PT_15P8,Objects.DI.TE_13T11,,Objects.VALVE.V_3kshe5_2,Objects.VALVE.V_24zpe3,Objects.PUMP.NEFD1_pump,,,ШУ-Ф2,QT-2Q3,AI,
Objects.AI.QZT_7Q3_double,Objects.AI.TT_15T2,Objects.DI.LS_13L1,,Objects.VALVE.V_3kshe1_3,Objects.VALVE.V_24zpe4,Objects.PUMP.N20_1_pump,7-ШС10.1,,ШУ-Ф2,2зпэ30,DI/DO,
Objects.AI.PZT_7P12_double,Objects.AI.FT_4F1,Objects.DI.LS_13L2,,Objects.VALVE.V_3kshe2_3,Objects.VALVE.V_24zpe5,Objects.PUMP.N20_2_pump,10кшэ100,Objects.VALVE.V_10kshe100,ШУ-Ф2,2зпэ31,DI/DO,
Objects.AI.PZT_7P13_double,Objects.AI.FT_4F2,Objects.DI.LS_13L28,,Objects.VALVE.V_3kshe3_3,Objects.VALVE.V_24zpe6,Objects.PUMP.V1_1_motor,10кшэ101,Objects.VALVE.V_10kshe101,ШУ-Ф2,2зпэ32,DI/DO,
Objects.AI.LZT_7L10_double,Objects.AI.FT_4F3,Objects.DI.PS_13P8,,Objects.VALVE.V_3zpe4_3,Objects.VALVE.V_24zpe7,Objects.PUMP.V1_2_motor,УФС1,,ШУ-Ф2,2зпэ33,DI/DO,
Objects.AI.LZT_7L6_double,Objects.AI.PT_4P3,Objects.DI.PS_13P9,,Objects.VALVE.V_3kshe5_3,Objects.VALVE.V_24zpe8,Objects.PUMP.C1_1_motor,7-ШС12.1,,ШУ-Ф2,2зпэ34,DI/DO,
Objects.AI.TZT_8T20_double,Objects.AI.PT_4P7,Objects.DI.bat_7SHS13_1_low,,Objects.VALVE.V_3kshe1_4,Objects.VALVE.V_24zpe9,Objects.PUMP.C1_2_motor,12kshv2,Objects.VALVE.V_12kshv2,ШУ-Ф2,2зпэ35,DI/DO,
Objects.AI.QZT_8Q21_double,Objects.AI.PT_4P8,Objects.DI.bat_7SHS13_1_status,,Objects.VALVE.V_3kshe2_4,Objects.VALVE.V_24zpe10,Objects.PUMP.N15_1_pump,12kpv205,Objects.VALVE.V_12kpv205,ШУ-Ф2,"LE-2L16(a,b,c)",DI,
Objects.AI.LZT_8L29_double,Objects.AI.PT_4P9,Objects.DI.bat_7SHS16_1_low,,Objects.VALVE.V_3kshe3_4,Objects.VALVE.V_24zpe11,Objects.PUMP.N15_2_pump,12kshv200,Objects.VALVE.V_12kshv200,ШУ-Ф2,LS-2L17,DI,
Objects.AI.QZT_8Q20_double,Objects.AI.QT_4Q1_electrical_conductivity,Objects.DI.bat_7SHS16_1_status,,Objects.VALVE.V_3zpe4_4,ШС14.1,Objects.PUMP.N16_1_pump,12kpv200,Objects.VALVE.V_12kpv200,ШУ-Ф2,LS-2L18,DI,
Objects.AI.QZT_8Q22_double,Objects.AI.QT_4Q2_electrical_conductivity,Objects.DI.bat_7SHS17_status,,Objects.VALVE.V_3kshe5_4,Objects.VALVE.V_14kshe12,Objects.PUMP.N16_2_pump,12kpv201,Objects.VALVE.V_12kpv201,ШУ-Ф2,LS-2L19,DI,
Objects.AI.PZT_9P16_double,Objects.AI.TT_4T1,Objects.DI.bat_7SHS17_low,,Objects.VALVE.V_3kshe1_5,Objects.VALVE.V_14kshe13,Objects.PUMP.N4_1_pump,12kpv204,Objects.VALVE.V_12kpv204,,,,
Objects.AI.PZT_9P17_double,Objects.AI.LT_4L4_min,Objects.DI.bat_7SHS18_status,,Objects.VALVE.V_3kshe2_5,Objects.VALVE.V_14zpe15,Objects.PUMP.NM6_1_pump,12kpv202,Objects.VALVE.V_12kpv202,Узел обезвоживания осадка (1 модуль),,,
Objects.AI.QZT_9Q3_double,Objects.AI.PT_4P13,Objects.DI.bat_7SHS18_low,,Objects.VALVE.V_3kshe3_5,Objects.VALVE.V_14zpe16,Objects.PUMP.EM6_1_motor,12kpv203,Objects.VALVE.V_12kpv203,AX1,LS-2L9.1,AI,
Objects.AI.LZT_10L20_double,Objects.AI.PT_4P17,Objects.DI.PS_19P9,,Objects.VALVE.V_3zpe4_5,,Objects.PUMP.ND26_1_pump,PT_12F2,,AX1,LS-2L9.2,AI,
Objects.AI.PZS_10P16_double,Objects.AI.TT_4T2,Objects.DI.PS_19P10,,Objects.VALVE.V_3kshe5_5,,Objects.PUMP.N25_1_pump,TT_12F2,,AX1,PS-2P11,DI,
Objects.AI.PZT_11P20_double,Objects.AI.PT_4P14,Objects.DI.PS_19P11,,Objects.VALVE.V_3kshe1_6,,Objects.PUMP.ND26_2_pump,12kshv101,Objects.VALVE.V_12kshv101,AX1,FT-2F12,AI,
Objects.AI.TZT_12T20_double,Objects.AI.PT_4P18,Objects.DI.PS_19P12,,Objects.VALVE.V_3zpe2_6,,Objects.PUMP.N28_7_pump,12kshv100,Objects.VALVE.V_12kshv100,AX1,2кшv3,DI/DO,
Objects.AI.TZT_12T21_double,Objects.AI.LT_4L1_min,Objects.DI.LS_19L30_higt,,Objects.VALVE.V_3kshe3_6,,Objects.PUMP.NP1_pump,TT_12T3,Objects.AI.TT_12T3,AX1,LT-2L31,AI,
Objects.AI.TZT_12T22_double,Objects.AI.FI_4F4,Objects.DI.LVL_19L31_low,,Objects.VALVE.V_3zpe4_6,,Objects.PUMP.N28_1_pump,PT_12P4,Objects.AI.PT_12P4,AX1,2кшv1,DI/DO,
Objects.AI.TZT_12T23_double,Objects.AI.FT_6F1,Objects.DI.DPS_19P32,,Objects.VALVE.V_3zpe5_6,,Objects.PUMP.N28_2_pump,7-ШС22.1,,AX1,2кшv2,DI/DO,
Objects.AI.TZT_12T24_double,Objects.AI.FT_6F2,Objects.DI.DPS_19P33,,Objects.VALVE.V_3kshe6,,Objects.PUMP.N28_3_pump,PT_22P16 ,,AX1,2кшv11,DI/DO,
Objects.AI.LZT_12L20_double,Objects.AI.LT_6L1,Objects.DI.leak_19L17_alarm,,Objects.VALVE.V_3zpe18,,Objects.PUMP.N27_1_pump,,,AX1,PT-2P38,AI,
Objects.AI.QZT_12Q21_double,Objects.AI.LT_6L3_min,Objects.DI.leak_19L13_alarm,,Objects.VALVE.V_3zpe11,,Objects.PUMP.ND1_3_pump,,,AX1,PT-2P36,AI,
Objects.AI.QZT_12Q22_double,Objects.AI.TT_6T1,Objects.DI.leak_19L15_alarm,,Objects.VALVE.V_3zpe19,,Objects.PUMP.ND1_4_pump,,,AX1,PT-2P15,AI,
Objects.AI.QZT_12Q23_double,Objects.AI.TT_6T2,Objects.DI.leak_19L14_alarm,,Objects.VALVE.V_5kshe1,,Objects.PUMP.ND2_3_pump,,,AX1,2зпv1,DI/DO,
Objects.AI.QZT_12Q20_double,Objects.AI.QT_6Q1,Objects.DI.leak_19L16_alarm,,Objects.VALVE.V_5kshe2,,Objects.PUMP.ND2_4_pump,,,AX1,2зпv3,DI/DO,
Objects.AI.QZT_13Q21_double,Objects.AI.QT_6Q2_electrical_conductivity,Objects.DI.bat_8SHS19_1_low,,Objects.VALVE.V_5kshe3,,Objects.PUMP.ND3_4_pump,,,AX1,2кшэ7,DI/DO,
Objects.AI.LZS_13L7_double,Objects.AI.QT_6Q3_electrical_conductivity,Objects.DI.bat_8SHS19_1_status,,Objects.VALVE.V_5kshe4,,Objects.PUMP.ND3_5_pump,,,AX1,2кшэ8,DI/DO,
Objects.AI.LZS_13L9_double,Objects.AI.PT_6P4,Objects.DI.bat_7SHS20_1_low,,Objects.VALVE.V_5kshe5,,Objects.PUMP.ND3_6_pump,,,AX1,2кшv4,DI/DO,
Objects.AI.LZS_13L6_double,Objects.AI.PT_6P6,Objects.DI.bat_7SHS20_1_status,,Objects.VALVE.V_5kshe100,,Objects.PUMP.N10_2_pump,,,AX1,2кшv5,DI/DO,
Objects.AI.LZT_13L21_double,Objects.AI.PT_6P10,Objects.DI.bat_7SHS21_1_status,,Objects.VALVE.V_5kshe101,,Objects.PUMP.NM2_2_pump,,,AX1,2кшv6,DI/DO,
Objects.AI.LZS_13L23_double,Objects.AI.PT_6P11,Objects.DI.bat_7SHS21_1_low,,Objects.VALVE.V_5kshe102,,Objects.PUMP.EM2_2_motor,,,AX1,2кшv8,DI/DO,
Objects.AI.PZT_13P23_double,Objects.AI.PT_6P12,Objects.DI.bat_7SHS22_1_status,,Objects.VALVE.V_5zpe4,,Objects.PUMP.N11_4_pump,,,AX1,2зпv4,DI/DO,
Objects.AI.PZT_13P20_double,Objects.AI.LT_7L3_min,Objects.DI.bat_7SHS22_1_low,,Objects.VALVE.V_5zpe5,,Objects.PUMP.NM3_2_pump,,,AX1,2зпv5,DI/DO,
Objects.AI.LZT_14L6_double,Objects.AI.PT_7P14,Objects.DI.bat_7SHS23_1_low,,Objects.VALVE.V_5zpe6,,Objects.PUMP.N12_3_pump,,,AX1,2зпv6,DI/DO,
Objects.AI.PZS_14P11_double,Objects.AI.PT_7P15,Objects.DI.bat_7SHS23_1_status,,Objects.VALVE.V_5zpe7,,Objects.PUMP.N12_4_pump,,,AX1,2кшv7,DI/DO,
Objects.AI.PZS_14P12_double,Objects.AI.TT_7T2,Objects.DI.LS_23L12_min,,Objects.VALVE.V_15kshe22,,Objects.PUMP.NM4_2_pump,,,AX1,2зпv7,DI/DO,
Objects.AI.PZS_14P18_double,Objects.AI.LT_7L1,Objects.DI.LS_23L13_min,,Objects.VALVE.V_15kshe23,,Objects.PUMP.N13_2_pump,,,AX1,2зпv9,DI/DO,
Objects.AI.LZT_14L7_double,Objects.AI.TT_7T1,Objects.DI.bat_7SHS25_1_status,,Objects.VALVE.V_15kshe24,,Objects.PUMP.EM4_2_motor,,,AX1,2зпv10,DI/DO,
Objects.AI.LZT_14L8_double,Objects.AI.PT_7P17,Objects.DI.bat_7SHS25_1_low,,Objects.VALVE.V_15zpe4,,Objects.PUMP.ND17_2_pump,,,Узел обезвоживания осадка (2 модуль),,,
Objects.AI.LZT_14L9_double,Objects.AI.PT_7P6,Objects.DI.bat_7SHS24_1_low,,Objects.VALVE.V_15zpe1,,Objects.PUMP.ND18_2_pump,,,AX1.2,LS-13L9.1,DI,
Objects.AI.PZT_15P15_double,Objects.AI.PT_7P10,Objects.DI.bat_7SHS24_1_status,,Objects.VALVE.V_15zpe6,,Objects.PUMP.ND19_2_pump,,,AX1.2,LS-13L9.2,DI,
Objects.AI.PZT_15P16_double,Objects.AI.LT_7L5,Objects.DI.bat_7SHS12_1_status,,Objects.VALVE.V_15kshe5,,Objects.PUMP.NEFD2_pump,,,AX1.2,FT-13F12,AI,
Objects.AI.QZT_15Q3_double,Objects.AI.QT_7Q1_electrical_conductivity,Objects.DI.bat_7SHS12_1_low,,Objects.VALVE.V_15kshe6,,Objects.PUMP.N15_3_pump,,,AX1.2,13кшv3,DI/DO,
Objects.AI.QZT_20Q3_double,Objects.AI.FT_7F1,Objects.DI.LVL_12P11_leak,,Objects.VALVE.V_15zpe2,,Objects.PUMP.N15_4_pump,,,AX1.2,13кшv11,DI/DO,
Objects.AI.PZT_20P16_double,Objects.AI.QT_7Q2_electrical_conductivity,Objects.DI.LVL_12P18_leak,,Objects.VALVE.V_15kshe4,,Objects.PUMP.N16_3_pump,,,AX1.2,PT-13P8,AI,
Objects.AI.PZT_20P17_double,Objects.AI.FT_7F2,Objects.DI.LVL_12L19_leak,,Objects.VALVE.V_15kshe1,,Objects.PUMP.N16_4_pump,,,AX1.2,PT-13P6,AI,
Objects.AI.PZT_17P20_double,Objects.AI.LT_8L1,Objects.DI.LS_25L4,,Objects.VALVE.V_15kshe8,,Objects.PUMP.C2_1_motor,,,AX1.2,PT-13P15,AI,
Objects.AI.PZT_17P21_double,Objects.AI.LT_8L2,Objects.DI.LS_12L12,,Objects.VALVE.V_4zpe1,,Objects.PUMP.C2_2_motor,,,AX1.2,13зпv1,DI/DO,
Objects.AI.QZT_17Q21_double,Objects.AI.LT_8L3,Objects.DI.LS_12L13,,Objects.VALVE.V_4zpe2,,Objects.PUMP.V2_1_motor,,,AX1.2,13зпv3,DI/DO,
Objects.AI.QZT_17Q20_double,Objects.AI.LT_8L5,Objects.DI.bat_7_14_1_low,,Objects.VALVE.V_4zpe4,,Objects.PUMP.V2_2_motor,,,AX1.2,13кшэ7,DI/DO,
Objects.AI.LZT_17L20_double,Objects.AI.LT_8L7,Objects.DI.bat_7_14_1_status,,Objects.VALVE.V_4zpe6,,Objects.PUMP.N20_3_pump,,,AX1.2,13кшэ8,DI/DO,
Objects.AI.PZT_18P12_double,Objects.AI.LT_8L9,Objects.DI.LS_2L30_lvl,,Objects.VALVE.V_4kshe6,,Objects.PUMP.N20_4_pump,,,AX1.2,13кшv4,DI/DO,
Objects.AI.PZT_18P13_double,Objects.AI.LT_8L11,Objects.DI.LS_25L2_lvl,,Objects.VALVE.V_4kshe4,,Objects.PUMP.N4_2_pump,,,AX1.2,13кшv5,DI/DO,
Objects.AI.QZT_18Q3_double,Objects.AI.TT_8T9,Objects.DI.LS_25L4,,Objects.VALVE.V_4kshe5,,Objects.PUMP.NM6_2_pump,,,AX1.2,13кшv6,DI/DO,
Objects.AI.LZT_18L10_double,Objects.AI.TT_8T10,,,Objects.VALVE.V_4kshe22,,Objects.PUMP.EM6_2_motor,,,AX1.2,13кшv8,DI/DO,
Objects.AI.LZT_18L6_double,Objects.AI.QT_8Q1_pH,,,Objects.VALVE.V_4kshe23,,Objects.PUMP.N25_2_pump,,,AX1.2,13зпv4,DI/DO,
Objects.AI.QZT_19Q21_double,Objects.AI.QT_8Q2_hpk,,,Objects.VALVE.V_4kshe24,,Objects.PUMP.N27_2_pump,,,AX1.2,13зпv5,DI/DO,
Objects.AI.TZT_19T20_double,Objects.AI.VAK1_1_input_voltage,,,Objects.VALVE.V_4kshe1,,Objects.PUMP.NP2_pump,,,AX1.2,13зпv6,DI/DO,
Objects.AI.LZT_19L29_double,Objects.AI.VAK1_1_output_amperage,,,Objects.VALVE.V_4kshe8,,Objects.PUMP.N28_4_pump,,,AX1.2,13кшv7,DI/DO,
Objects.AI.QZT_19Q20_double,Objects.AI.VAK1_2_input_voltage,,,Objects.VALVE.V_6kshe1,,Objects.PUMP.N28_5_pump,,,AX1.2,13зпv7,DI/DO,
Objects.AI.QZT_19Q22_double,Objects.AI.VAK1_2_output_amperage,,,Objects.VALVE.V_6kshe3,,Objects.PUMP.N28_6_pump,,,AX1.2,13зпv9,DI/DO,
Objects.AI.TZT_23T20_double,Objects.AI.FT_8F1,,,Objects.VALVE.V_6kshe4,,Objects.PUMP.N28_8_pump,,,AX1.2,13зпv10,DI/DO,
Objects.AI.TZT_23T21_double,Objects.AI.FT_8F4,,,Objects.VALVE.V_6kshe6,,Objects.PUMP.ND31_2_pump,,,,,,
Objects.AI.TZT_23T22_double,Objects.AI.PT_8P20,,,Objects.VALVE.V_6kshe7,,Objects.PUMP.ND32_2_pump,,,,,,
Objects.AI.TZT_23T23_double,Objects.AI.FT_9F2,,,Objects.VALVE.V_6kshe8,,Objects.PUMP.ND33_2_pump,,,,,,
Objects.AI.TZT_23T24_double,Objects.AI.FT_9F1,,,Objects.VALVE.V_6kshe9,,Objects.PUMP.NC1_2_pump,,,,,,
Objects.AI.LZT_23L20_double,Objects.AI.QT_9Q1_pH,,,Objects.VALVE.V_6kshe102,,Objects.PUMP.PU1_2_motor,,,,,,
Objects.AI.QZT_23Q21_double,Objects.AI.PT_9P3,,,Objects.VALVE.V_6kshe103,,Objects.PUMP.PU30_2_motor,,,,,,
Objects.AI.QZT_23Q22_double,Objects.AI.PT_9P7,,,Objects.VALVE.V_6kshe104,,Objects.PUMP.TK1_2_pump,,,,,,
Objects.AI.QZT_23Q20_double,Objects.AI.PT_9P8,,,Objects.VALVE.V_7kshe23,,Objects.PUMP.TK1_2_motor,,,,,,
Objects.AI.QZT_23Q23_double,Objects.AI.PT_9P9,,,Objects.VALVE.V_7kshe24,,Objects.PUMP.NOP1_2_pump,,,,,,
Objects.AI.LZT_24L20_double,Objects.AI.QT_9Q2_electrical_conductivity,,,Objects.VALVE.V_7kshe27,,Objects.PUMP.NOP1_2_motor,,,,,,
Objects.AI.LZT_24L21_double,Objects.AI.LS_25L3,,,Objects.VALVE.V_7zpe2,,Objects.PUMP.NDC1_2_pump,,,,,,
Objects.AI.LZT_24L22_double,Objects.AI.PT_9P15,,,Objects.VALVE.V_7kshe8,,Objects.PUMP.NKC1_2_pump,,,,,,
Objects.AI.LZT_24L23_double,Objects.AI.PT_9P18,,,Objects.VALVE.V_7kshe1,,Objects.PUMP.NKC1_2_motor,,,,,,
Objects.AI.LZT_24L24_double,Objects.AI.LT_9L2,,,Objects.VALVE.V_7kshe6,,Objects.PUMP.N39_pump,,,,,,
Objects.AI.LZT_24L26_double,Objects.AI.PT_9P13,,,Objects.VALVE.V_7kshe3,,Objects.PUMP.N42_pump,,,,,,
Objects.AI.LZT_24L27_double,Objects.AI.PT_9P14,,,Objects.VALVE.V_7kshe7,,Objects.PUMP.N40_1_pump,,,,,,
Objects.AI.LZT_24L28_double,Objects.AI.TT_9T1,,,Objects.VALVE.V_7kshe25,,Objects.PUMP.N40_pump,,,,,,
Objects.AI.LZT_24L30_double,Objects.AI.TT_9T2,,,Objects.VALVE.V_7kshe26,,Objects.PUMP.E40_motor,,,,,,
Objects.AI.LZT_24L31_double,Objects.AI.QT_10Q1_pH,,,Objects.VALVE.V_7kshe28,,Objects.PUMP.N41_pump,,,,,,
Objects.AI.LZT_24L32_double,Objects.AI.FT_10F7,,,Objects.VALVE.V_8zpe14,,Objects.PUMP.E41_motor,,,,,,
Objects.AI.LZT_24L33_double,Objects.AI.QT_10Q2_pH,,,Objects.VALVE.V_8zpe15,,Objects.PUMP.N43_pump,,,,,,
,Objects.AI.LT_10L1,,,Objects.VALVE.V_8kshe30,,Objects.PUMP.E43_motor,,,,,,
,Objects.AI.LT_10L2,,,Objects.VALVE.V_8kshe33,,Objects.PUMP.N44_pump,,,,,,
,Objects.AI.PDT_10P14,,,Objects.VALVE.V_8kshe34,,Objects.PUMP.E44_motor,,,,,,
,Objects.AI.PDT_11P12,,,Objects.VALVE.V_8kshe39,,Objects.PUMP.N45_pump,,,,,,
,Objects.AI.LT_11L2,,,Objects.VALVE.V_8kshe40,,Objects.PUMP.E45_motor,,,,,,
,Objects.AI.LT_11L1,,,Objects.VALVE.V_8kshe44,,Objects.PUMP.NP6_pump,,,,,,
,Objects.AI.PT_11P16,,,Objects.VALVE.V_8kshe110,,Objects.PUMP.N34_1_pump,,,,,,
,Objects.AI.PT_11P14,,,Objects.VALVE.V_8kshe111,,Objects.PUMP.N34_2_pump,,,,,,
,Objects.AI.FT_11F5,,,Objects.VALVE.V_9zpe1,,Objects.PUMP.N35_1_pump,,,,,,
,Objects.AI.FT_11F8,,,Objects.VALVE.V_9zpe2,,Objects.PUMP.N35_2_pump,,,,,,
,Objects.AI.QT_11Q1_electrical_conductivity,,,Objects.VALVE.V_9zpe3,,Objects.PUMP.N36_1_pump,,,,,,
,Objects.AI.QT_11Q2_organic_matter,,,Objects.VALVE.V_9zpe5,,Objects.PUMP.N36_2_pump,,,,,,
,Objects.AI.FT_11F6,,,Objects.VALVE.V_9zpe6,,Objects.PUMP.N37_pump,,,,,,
,Objects.AI.FT_11F7,,,Objects.VALVE.V_9kshe1,,Objects.PUMP.NP5_pump,,,,,,
,Objects.AI.LT_13L3,,,Objects.VALVE.V_9kshe3,,Objects.PUMP.NP7_pump,,,,,,
,Objects.AI.LT_13L4,,,Objects.VALVE.V_9kshe5,,Objects.PUMP.NP8_pump,,,,,,
,Objects.AI.LT_13L5,,,Objects.VALVE.V_9kshe10,,Objects.PUMP.ND31_1_pump,,,,,,
,Objects.AI.LT_13L8,,,Objects.VALVE.V_9kshe23,,Objects.PUMP.ND32_1_pump,,,,,,
,Objects.AI.LT_13L12,,,Objects.VALVE.V_9kshe24,,Objects.PUMP.ND33_1_pump,,,,,,
,Objects.AI.TT_13T8,,,Objects.VALVE.V_10kshe10,,Objects.PUMP.NM7_pump,,,,,,
,Objects.AI.QT_13Q2_pH,,,Objects.VALVE.V_10kshe1_1,,Objects.PUMP.N30_1_pump,,,,,,
,Objects.AI.GA1_1AI_GA1_NO,,,Objects.VALVE.V_10kshe2_1,,Objects.PUMP.PU30_1_motor,,,,,,
,Objects.AI.GA1_2AI_GA1_NO2,,,Objects.VALVE.V_10zpe3_1,,Objects.PUMP.NV1_1_pump,,,,,,
,Objects.AI.GA1_3AI_GA1_CO,,,Objects.VALVE.V_10zpe4_1,,Objects.PUMP.NV1_2_pump,,,,,,
,Objects.AI.GA2_1AI_GA1_CH4,,,Objects.VALVE.V_10kshe5_1,,Objects.PUMP.TK1_1_pump,,,,,,
,Objects.AI.FT_14F7,,,Objects.VALVE.V_10kshe1_2,,Objects.PUMP.TK1_1_motor,,,,,,
,Objects.AI.FT_14F8,,,Objects.VALVE.V_10kshe2_2,,Objects.PUMP.NOP1_1_pump,,,,,,
,Objects.AI.FT_14F9,,,Objects.VALVE.V_10zpe3_2,,Objects.PUMP.NDC1_1_pump,,,,,,
,Objects.AI.QT_14Q1,,,Objects.VALVE.V_10zpe4_2,,Objects.PUMP.NKC1_1_pump,,,,,,
,Objects.AI.FT_14F10,,,Objects.VALVE.V_10kshe5_2,,Objects.PUMP.PU1_1_motor,,,,,,
,Objects.AI.LT_14L1,,,Objects.VALVE.V_10kshe1_3,,Objects.PUMP.NC1_1_pump,,,,,,
,Objects.AI.PDT_14P16,,,Objects.VALVE.V_10kshe2_3,,Objects.PUMP.ND8_2_pump,,,,,,
,Objects.AI.FT_14L2,,,Objects.VALVE.V_10zpe3_3,,Objects.PUMP.N5_2_pump,,,,,,
,Objects.AI.FT_14L4,,,Objects.VALVE.V_10zpe4_3,,Objects.PUMP.N6_2_pump,,,,,,
,Objects.AI.FT_14L3,,,Objects.VALVE.V_10kshe5_3,,Objects.PUMP.N7_2_pump,,,,,,
,Objects.AI.PT_16P10,,,Objects.VALVE.V_10kshe1_4,,Objects.PUMP.V3_2_pump,,,,,,
,Objects.AI.PT_16P11,,,Objects.VALVE.V_10kshe2_4,,Objects.PUMP.ND1_2_pump,,,,,,
,Objects.AI.TT_16T2,,,Objects.VALVE.V_10zpe3_4,,Objects.PUMP.NM30_1_pump,,,,,,
,Objects.AI.LT_16L1,,,Objects.VALVE.V_10zpe4_4,,Objects.PUMP.E30_1_motor,,,,,,
,Objects.AI.TT_16T1,,,Objects.VALVE.V_10kshe5_4,,Objects.PUMP.EM2_1_motor,,,,,,
,Objects.AI.PT_16P4,,,Objects.VALVE.V_10kshe6,,Objects.PUMP.NM2_1_pump,,,,,,
,Objects.AI.PT_16P5,,,Objects.VALVE.V_10kshe7,,Objects.PUMP.S1_1_motor,,,,,,
,Objects.AI.PT_16P6,,,Objects.VALVE.V_10kshe8,,Objects.PUMP.S1_2_motor,,,,,,
,Objects.AI.FT_16F2,,,Objects.VALVE.V_10kshe9,,Objects.PUMP.N25_1_pump,,,,,,
,Objects.AI.QT_16Q1_electrical_conductivity,,,Objects.VALVE.V_11kshe1_1,,Objects.PUMP.N11_3_pump,,,,,,
,Objects.AI.FT_16F1,,,Objects.VALVE.V_11kshe2_1,,Objects.PUMP.EM3_2_motor,,,,,,
,Objects.AI.LT_16L3,,,Objects.VALVE.V_11zpe3_1,,Objects.PUMP.S2_1_motor,,,,,,
,Objects.AI.FT_17F2,,,Objects.VALVE.V_11zpe4_1,,Objects.PUMP.S2_2_motor,,,,,,
,Objects.AI.QT_17Q1_electrical_conductivity,,,Objects.VALVE.V_11kshe5_1,,Objects.PUMP.HS19M1_motor,,,,,,
,Objects.AI.QT_17Q3_electrical_conductivity,,,Objects.VALVE.V_11kshe1_2,,Objects.PUMP.VAK2_1,,,,,,
,Objects.AI.PT_17P4,,,Objects.VALVE.V_11kshe2_2,,Objects.PUMP.VAK2_2,,,,,,
,Objects.AI.PT_17P6,,,Objects.VALVE.V_11zpe3_2,,Objects.PUMP.VAK1_1,,,,,,
,Objects.AI.PT_17P12,,,Objects.VALVE.V_11zpe4_2,,Objects.PUMP.VAK1_2,,,,,,
,Objects.AI.TT_17T1,,,Objects.VALVE.V_11kshe5_2,,Objects.PUMP.PU1_2_pump,,,,,,
,Objects.AI.QT_17Q2_electrical_conductivity,,,Objects.VALVE.V_11kshe1_3,,Objects.PUMP.PU30_2_motor,,,,,,
,Objects.AI.LT_17L3_min,,,Objects.VALVE.V_11kshe2_3,,Objects.PUMP.TC1_2_motor,,,,,,
,Objects.AI.PT_17P10,,,Objects.VALVE.V_11zpe3_3,,Objects.PUMP.NDS1_2_pump,,,,,,
,Objects.AI.PT_17P11,,,Objects.VALVE.V_11zpe4_3,,Objects.PUMP.N30_2_pump,,,,,,
,Objects.AI.TT_17T2,,,Objects.VALVE.V_11kshe5_3,,Objects.PUMP.E40_1_motor,,,,,,
,Objects.AI.LT_17L1,,,Objects.VALVE.V_11kshe1_4,,Objects.PUMP.PU1_1_motor,,,,,,
,Objects.AI.FT_17F1,,,Objects.VALVE.V_11kshe2_4,,Objects.PUMP.NB23_pump,,,,,,
,Objects.AI.FT_18F1,,,Objects.VALVE.V_11zpe3_4,,Objects.PUMP.NV1_1_pump,,,,,,
,Objects.AI.FT_18F2,,,Objects.VALVE.V_11zpe4_4,,Objects.PUMP.NV1_2_pump,,,,,,
,Objects.AI.QT_18Q1_electrical_conductivity,,,Objects.VALVE.V_11kshe5_4,,Objects.PUMP.N5_2_pump,,,,,,
,Objects.AI.PT_18P6,,,Objects.VALVE.V_11kshe6,,Objects.PUMP.N6_2_pump,,,,,,
,Objects.AI.PT_18P10,,,Objects.VALVE.V_11zpe5,,Objects.PUMP.N7_2_pump,,,,,,
,Objects.AI.PT_18P17,,,Objects.VALVE.V_11zpe8,,Objects.PUMP.ND8_2_pump,,,,,,
,Objects.AI.TT_18T1,,,Objects.VALVE.V_11zpe9,,,,,,,,
,Objects.AI.QT_18Q2_electrical_conductivity,,,Objects.VALVE.V_11kshe7,,,,,,,,
,Objects.AI.LT_18L3_min,,,Objects.VALVE.V_13kshe1,,,,,,,,
,Objects.AI.PT_18P14,,,Objects.VALVE.V_13kshe2,,,,,,,,
,Objects.AI.PT_18P15,,,Objects.VALVE.V_13kshe3,,,,,,,,
,Objects.AI.TT_18T2,,,Objects.VALVE.V_13kshe4,,,,,,,,
,Objects.AI.LT_18L5,,,Objects.VALVE.V_13kshe5,,,,,,,,
,Objects.AI.LT_18L1,,,Objects.VALVE.V_13kshe6,,,,,,,,
,Objects.AI.VAK2_1_output_amperage,,,Objects.VALVE.V_13kshe10,,,,,,,,
,Objects.AI.VAK2_1_output_voltage,,,Objects.VALVE.V_13zpe102,,,,,,,,
,Objects.AI.VAK2_2_output_amperage,,,Objects.VALVE.V_13zpe103,,,,,,,,
,Objects.AI.VAK2_2_output_voltage,,,Objects.VALVE.V_16kshe100,,,,,,,,
,Objects.AI.FT_19F1,,,Objects.VALVE.V_16kshe101,,,,,,,,
,Objects.AI.FT_19F4,,,Objects.VALVE.V_16kshe102,,,,,,,,
,Objects.AI.QT_19Q2_HPK,,,Objects.VALVE.V_16zpe4,,,,,,,,
,Objects.AI.QT_19Q1_pH,,,Objects.VALVE.V_16kshe4,,,,,,,,
,Objects.AI.LT_19L1,,,Objects.VALVE.V_16zpe6,,,,,,,,
,Objects.AI.LT_19L2,,,Objects.VALVE.V_16kshe2,,,,,,,,
,Objects.AI.LT_19L5,,,Objects.VALVE.V_16kshe3,,,,,,,,
,Objects.AI.LT_19L7,,,Objects.VALVE.V_16zpe5,,,,,,,,
,Objects.AI.LT_19L9,,,Objects.VALVE.V_16kshe5,,,,,,,,
,Objects.AI.LT_19L11,,,Objects.VALVE.V_16zpe7,,,,,,,,
,Objects.AI.LT_19L3,,,Objects.VALVE.V_16kshe1,,,,,,,,
,Objects.AI.TT_19T9,,,Objects.VALVE.V_17kshe1,,,,,,,,
,Objects.AI.TT_19T10,,,Objects.VALVE.V_17kshe6,,,,,,,,
,Objects.AI.PT_19P20,,,Objects.VALVE.V_17kshe7,,,,,,,,
,Objects.AI.FT_20F1,,,Objects.VALVE.V_17kshe3,,,,,,,,
,Objects.AI.FT_20F2,,,Objects.VALVE.V_17kshe4,,,,,,,,
,Objects.AI.LT_20L2,,,Objects.VALVE.V_17kshe8,,,,,,,,
,Objects.AI.TT_20T1,,,Objects.VALVE.V_17kshe9,,,,,,,,
,Objects.AI.TT_20T2,,,Objects.VALVE.V_17kshe102,,,,,,,,
,Objects.AI.QT_20Q1_pH,,,Objects.VALVE.V_17kshe103,,,,,,,,
,Objects.AI.QT_20Q2_electrical_conductivity,,,Objects.VALVE.V_17kshe104,,,,,,,,
,Objects.AI.PT_20P3,,,Objects.VALVE.V_18zpe2,,,,,,,,
,Objects.AI.PT_20P7,,,Objects.VALVE.V_18kshe6,,,,,,,,
,Objects.AI.PT_20P8,,,Objects.VALVE.V_18kshe7,,,,,,,,
,Objects.AI.PT_20P9,,,Objects.VALVE.V_18kshe1,,,,,,,,
,Objects.AI.PT_20P13,,,Objects.VALVE.V_18kshe3,,,,,,,,
,Objects.AI.PT_20P14,,,Objects.VALVE.V_18kshe8,,,,,,,,
,Objects.AI.PT_20P15,,,Objects.VALVE.V_18kshe23,,,,,,,,
,Objects.AI.PT_20P18,,,Objects.VALVE.V_18kshe24,,,,,,,,
,Objects.AI.FT_21F7,,,Objects.VALVE.V_18kshe27,,,,,,,,
,Objects.AI.QT_21Q1_pH,,,Objects.VALVE.V_18kshe25,,,,,,,,
,Objects.AI.QT_21Q2_pH,,,Objects.VALVE.V_18kshe26,,,,,,,,
,Objects.AI.LT_21L1,,,Objects.VALVE.V_18kshe28,,,,,,,,
,Objects.AI.LT_21L2,,,Objects.VALVE.V_19zpe14,,,,,,,,
,Objects.AI.PDT_21P14,,,Objects.VALVE.V_19zpe15,,,,,,,,
,Objects.AI.FT_22F5,,,Objects.VALVE.V_19kshe30,,,,,,,,
,Objects.AI.FT_22F6,,,Objects.VALVE.V_19kshe33,,,,,,,,
,Objects.AI.FT_22F7,,,Objects.VALVE.V_19kshe34,,,,,,,,
,Objects.AI.FT_22F8,,,Objects.VALVE.V_19kshe110,,,,,,,,
,Objects.AI.QT_22Q1_electrical_conductivity,,,Objects.VALVE.V_19kshe39,,,,,,,,
,Objects.AI.QT_22Q2_organic_matter,,,Objects.VALVE.V_19kshe40,,,,,,,,
,Objects.AI.LT_22L1,,,Objects.VALVE.V_19kshe111,,,,,,,,
,Objects.AI.PT_22P14,,,Objects.VALVE.V_19kshe44,,,,,,,,
,Objects.AI.LT_22L2,,,Objects.VALVE.V_20kshe1,,,,,,,,
,Objects.AI.PDT_22P12,,,Objects.VALVE.V_20kshe3,,,,,,,,
,Objects.AI.LT_23L2,,,Objects.VALVE.V_20kshe5,,,,,,,,
,Objects.AI.LT_23L6,,,Objects.VALVE.V_20kshe10,,,,,,,,
,Objects.AI.LT_23L8,,,Objects.VALVE.V_20kshe23,,,,,,,,
,Objects.AI.LT_23L11,,,Objects.VALVE.V_20kshe24,,,,,,,,
,Objects.AI.TT_23T1,,,Objects.VALVE.V_20zpe1,,,,,,,,
,Objects.AI.TT_23T2,,,Objects.VALVE.V_20zpe2,,,,,,,,
,Objects.AI.TT_23T3,,,Objects.VALVE.V_20zpe3,,,,,,,,
,Objects.AI.TT_23T5,,,Objects.VALVE.V_20zpe5,,,,,,,,
,Objects.AI.TT_23T7,,,Objects.VALVE.V_20zpe6,,,,,,,,
,Objects.AI.TT_23T11,,,Objects.VALVE.V_21kshe6,,,,,,,,
,Objects.AI.QT_23Q1_pH,,,Objects.VALVE.V_21kshe7,,,,,,,,
,Objects.AI.QT_23Q2_uSm,,,Objects.VALVE.V_21kshe8,,,,,,,,
,Objects.AI.QT_23Q3_electrical_conductivity,,,Objects.VALVE.V_21kshe9,,,,,,,,
,Objects.AI.QT_23Q4_density,,,Objects.VALVE.V_21kshe10,,,,,,,,
,Objects.AI.FT_23F1,,,Objects.VALVE.V_21kshe1_1,,,,,,,,
,Objects.AI.FT_23F2,,,Objects.VALVE.V_21kshe2_1,,,,,,,,
,Objects.AI.FT_23F3,,,Objects.VALVE.V_21zpe3_1,,,,,,,,
,Objects.AI.FT_23F6,,,Objects.VALVE.V_21zpe4_1,,,,,,,,
,Objects.AI.PT_23P3,,,Objects.VALVE.V_21kshe5_1,,,,,,,,
,Objects.AI.PT_23P4,,,Objects.VALVE.V_21kshe1_2,,,,,,,,
,Objects.AI.PT_23P5,,,Objects.VALVE.V_21kshe2_2,,,,,,,,
,Objects.AI.PT_23P6,,,Objects.VALVE.V_21zpe3_2,,,,,,,,
,Objects.AI.PT_23P7,,,Objects.VALVE.V_21zpe4_2,,,,,,,,
,Objects.AI.PT_23P17,,,Objects.VALVE.V_21kshe5_2,,,,,,,,
,Objects.AI.PT_23P18,,,Objects.VALVE.V_21kshe1_3,,,,,,,,
,Objects.AI.PT_23P21,,,Objects.VALVE.V_21kshe2_3,,,,,,,,
,Objects.AI.PS_23P11,,,Objects.VALVE.V_21zpe3_3,,,,,,,,
,Objects.AI.PS_23P18,,,Objects.VALVE.V_21zpe4_3,,,,,,,,
,Objects.AI.PS_23P19,,,Objects.VALVE.V_21kshe5_3,,,,,,,,
,Objects.AI.LT_24L16,,,Objects.VALVE.V_21kshe1_4,,,,,,,,
,Objects.AI.LT_24L17,,,Objects.VALVE.V_21kshe2_4,,,,,,,,
,Objects.AI.LT_24L34,,,Objects.VALVE.V_21zpe3_4,,,,,,,,
,Objects.AI.LT_24L35,,,Objects.VALVE.V_21zpe4_4,,,,,,,,
,Objects.AI.LT_24L36,,,Objects.VALVE.V_21kshe5_4,,,,,,,,
,Objects.AI.LT_24L37,,,Objects.VALVE.V_22zpe5,,,,,,,,
,Objects.AI.LT_24L38,,,Objects.VALVE.V_22zpe8,,,,,,,,
,Objects.AI.LT_24L39,,,Objects.VALVE.V_22zpe9,,,,,,,,
,Objects.AI.LT_24L1,,,Objects.VALVE.V_22kshe7,,,,,,,,
,Objects.AI.LT_24L2,,,Objects.VALVE.V_22kshe1_1,,,,,,,,
,Objects.AI.LT_24L3,,,Objects.VALVE.V_22kshe2_1,,,,,,,,
,Objects.AI.LT_24L4,,,Objects.VALVE.V_22zpe3_1,,,,,,,,
,Objects.AI.LT_24L5,,,Objects.VALVE.V_22zpe4_1,,,,,,,,
,Objects.AI.LT_24L6,,,Objects.VALVE.V_22kshe5_1,,,,,,,,
,Objects.AI.LT_24L7,,,Objects.VALVE.V_22kshe1_2,,,,,,,,
,Objects.AI.LT_24L8,,,Objects.VALVE.V_22kshe2_2,,,,,,,,
,Objects.AI.LT_24L9,,,Objects.VALVE.V_22zpe3_2,,,,,,,,
,Objects.AI.LT_24L10,,,Objects.VALVE.V_22zpe4_2,,,,,,,,
,Objects.AI.LT_24L11,,,Objects.VALVE.V_22kshe5_2,,,,,,,,
,Objects.AI.LT_24L12,,,Objects.VALVE.V_22kshe1_3,,,,,,,,
,Objects.AI.LT_24L13,,,Objects.VALVE.V_22kshe2_3,,,,,,,,
,Objects.AI.LT_24L14,,,Objects.VALVE.V_22zpe3_3,,,,,,,,
,Objects.AI.LT_24L15,,,Objects.VALVE.V_22zpe4_3,,,,,,,,
,Objects.AI.TT_24T1_1,,,Objects.VALVE.V_22kshe5_3,,,,,,,,
,Objects.AI.TT_24T1_2,,,Objects.VALVE.V_22kshe1_4,,,,,,,,
,Objects.AI.TT_24T1_3,,,Objects.VALVE.V_22kshe2_4,,,,,,,,
,Objects.AI.TT_24T1_4,,,Objects.VALVE.V_22zpe3_4,,,,,,,,
,Objects.AI.TT_24T1_5,,,Objects.VALVE.V_22zpe4_4,,,,,,,,
,Objects.AI.LT_12L2,,,Objects.VALVE.V_22kshe5_4,,,,,,,,
,Objects.AI.LT_12L4_min,,,Objects.VALVE.V_22kshe6,,,,,,,,
,Objects.AI.TT_12T11,,,Objects.VALVE.V_23kshv1,,,,,,,,
,Objects.AI.PT_12P7,,,Objects.VALVE.V_23kshv3,,,,,,,,
,Objects.AI.TT_12T7,,,Objects.VALVE.V_23kshv4,,,,,,,,
,Objects.AI.PT_12P6,,,Objects.VALVE.V_23kshv5,,,,,,,,
,Objects.AI.LT_12L8,,,Objects.VALVE.V_23kshv6,,,,,,,,
,Objects.AI.PT_12P5,,,Objects.VALVE.V_23kshv102,,,,,,,,
,Objects.AI.TT_12T2,,,Objects.VALVE.V_23kshv103,,,,,,,,
,Objects.AI.PT_12P26,,,Objects.VALVE.V_23kshv104,,,,,,,,
,Objects.AI.LT_12L6,,,Objects.VALVE.V_23kshv105,,,,,,,,
,Objects.AI.PT_12P3,,,Objects.VALVE.V_23kshv106,,,,,,,,
,Objects.AI.PT_12P21,,,Objects.VALVE.V_23kshv201,,,,,,,,
,Objects.AI.LT_12L11_min,,,Objects.VALVE.V_23kshv202,,,,,,,,
,Objects.AI.TT_12T1,,,Objects.VALVE.V_23kshv203,,,,,,,,
,Objects.AI.PT_12P17,,,Objects.VALVE.V_23kshv204,,,,,,,,
,Objects.AI.TT_12T5,,,Objects.VALVE.V_24kshe12,,,,,,,,
,Objects.AI.PT_12P18,,,Objects.VALVE.V_24kshe13,,,,,,,,
,Objects.AI.QT_12Q1_pH,,,Objects.VALVE.V_24kshe6,,,,,,,,
,Objects.AI.QT_12Q2_uSm,,,Objects.VALVE.V_24kshe7,,,,,,,,
,Objects.AI.QT_12Q4_density,,,Objects.VALVE.V_24kshe2,,,,,,,,
,Objects.AI.FT_12F6,,,Objects.VALVE.V_24kshe9,,,,,,,,
,Objects.AI.FT_12F1,,,Objects.VALVE.V_24kshe14,,Нет сигнала,,,,,,
,Objects.AI.FT_12F3,,,Objects.VALVE.V_24kshe15,,7-ШС24.1,В шкаф ШУ,,,,,
,Objects.AI.FT_12F2,,,Objects.VALVE.V_22kshe11,,,24кшэ16,,,,,
,Objects.AI.QT_12Q3_electrical_conductivity,,,Objects.VALVE.V_24zpv1,,24кшэ8,24L40,,,,,
,Objects.AI.PT_15P7,,,Objects.VALVE.V_24zpv2,,M055 (мешалка Е37),24L41,,,,,
,Objects.AI.PT_15P3,,,Objects.VALVE.V_24zpv3,,M056 (мешалка),24L42,,,,,
,,,,Objects.VALVE.V_24zpv4,,M057 (мешалка),,,,,,
,,,,Objects.VALVE.V_24zpv5,,M058 (мешалка),,,,,,
,,,,Objects.VALVE.V_24zpv6,,M059 (мешалка),,,,,,
,,,,Objects.VALVE.V_24zpv7,,НБ1,,,,,,
,,,,Objects.VALVE.V_24zpv8,,ШД1,,,,,,
,,,,Objects.VALVE.V_24zpv9,,,,,,,,
,,,,Objects.VALVE.V_24zpv10,,,,,,,,
,,,,Objects.VALVE.V_24zpv11,,,,,,,,
,,,,Objects.VALVE.V_24zpv12,,,,,,,,
,,,,Objects.VALVE.V_24zpv13,,,,,,,,
,,,,Objects.VALVE.V_24zpv14,,,,,,,,
,,,,Objects.VALVE.V_24kshv1,,,,,,,,
,,,,Objects.VALVE.V_24kshv2,,,,,,,,
,,,,Objects.VALVE.V_24kshv3,,,,,,,,
,,,,Objects.VALVE.V_24kshv4,,,,,,,,
,,,,Objects.VALVE.V_24kshv5,,,,,,,,
,,,,Objects.VALVE.V_24kshv6,,,,,,,,
,,,,Objects.VALVE.V_24kshv8,,,,,,,,
,,,,Objects.VALVE.V_24kshv9,,,,,,,,
,,,,Objects.VALVE.V_24kshv10,,,,,,,,
,,,,Objects.VALVE.V_24kshv11,,,,,,,,
,,,,Objects.VALVE.V_24kshe11,,,,,,,,
,,,,Objects.VALVE.V_24kshv12,,,,,,,,
,,,,Objects.VALVE.V_24kshv14,,,,,,,,
,,,,Objects.VALVE.V_24kshv16,,,,,,,,
,,,,Objects.VALVE.V_24kshv17,,,,,,,,
,,,,Objects.VALVE.V_12kshv1,,,,,,,,
,,,,Objects.VALVE.V_12kshv6,,,,,,,,
,,,,Objects.VALVE.V_12kshv3,,,,,,,,
,,,,Objects.VALVE.V_12kshv4,,,,,,,,
,,,,Objects.VALVE.V_12kshv300,,,,,,,,
,,,,Objects.VALVE.V_12kshv301,,,,,,,,
,,,,Objects.VALVE.V_12kshv5,,,,,,,,
,,,,Objects.VALVE.V_12kshv204,,,,,,,,
,,,,Objects.VALVE.V_12kshv201,,,,,,,,
,,,,Objects.VALVE.V_12kshv202,,,,,,,,
,,,,Objects.VALVE.V_12kshv203,,,,,,,,
,,,,Objects.VALVE.V_12kshv102,,,,,,,,
,,,,Objects.VALVE.V_12kshv103,,,,,,,,
,,,,Objects.VALVE.V_12kshv104,,,,,,,,
,,,,Objects.VALVE.V_12kshv105,,,,,,,,
,,,,Objects.VALVE.V_12kshv106,,,,,,,,
,,,,Objects.VALVE.V_14zpe14,,,,,,,,
,,,,Objects.VALVE.V_14zpe17,,,,,,,,
,,,,Objects.VALVE.V_14zpe10,,,,,,,,
,,,,Objects.VALVE.V_14kshe1_1,,,,,,,,
,,,,Objects.VALVE.V_14kshe2_1,,,,,,,,
,,,,Objects.VALVE.V_14zpe3_1,,,,,,,,
,,,,Objects.VALVE.V_14zpe4_1,,,,,,,,
,,,,Objects.VALVE.V_14kshe5_1,,,,,,,,
,,,,Objects.VALVE.V_14kshe1_2,,,,,,,,
,,,,Objects.VALVE.V_14kshe2_2,,,,,,,,
,,,,Objects.VALVE.V_14zpe3_2,,,,,,,,
,,,,Objects.VALVE.V_14zpe4_2,,,,,,,,
,,,,Objects.VALVE.V_14kshe5_2,,,,,,,,
,,,,Objects.VALVE.V_14kshe1_3,,,,,,,,
,,,,Objects.VALVE.V_14kshe2_3,,,,,,,,
,,,,Objects.VALVE.V_14zpe3_3,,,,,,,,
,,,,Objects.VALVE.V_14zpe4_3,,,,,,,,
,,,,Objects.VALVE.V_14kshe5_3,,,,,,,,
,,,,Objects.VALVE.V_14kshe1_4,,,,,,,,
,,,,Objects.VALVE.V_14kshe2_4,,,,,,,,
,,,,Objects.VALVE.V_14zpe3_4,,,,,,,,
,,,,Objects.VALVE.V_14zpe4_4,,,,,,,,
,,,,Objects.VALVE.V_14kshe5_4,,,,,,,,
,,,,Objects.VALVE.V_14kshe1_5,,,,,,,,
,,,,Objects.VALVE.V_14kshe2_5,,,,,,,,
,,,,Objects.VALVE.V_14zpe3_5,,,,,,,,
,,,,Objects.VALVE.V_14zpe4_5,,,,,,,,
,,,,Objects.VALVE.V_14kshe_5_5,,,,,,,,
,,,,Objects.VALVE.V_14kshe_1_6,,,,,,,,
,,,,Objects.VALVE.V_14kshe_2_6,,,,,,,,
,,,,Objects.VALVE.V_14zpe3_6,,,,,,,,
,,,,Objects.VALVE.V_14zpe4_6,,,,,,,,
,,,,Objects.VALVE.V_14kshe5_6,,,,,,,,
,,,,Objects.VALVE.V_14kshe6,,,,,,,,
,,,,Objects.VALVE.V_14kshv7,,,,,,,,
,,,,Objects.VALVE.V_14zpe18,,,,,,,,
,,,,Objects.VALVE.V_14zpe11,,,,,,,,
,,,,Objects.VALVE.V_14zpe19,,,,,,,,
,,,,Objects.VALVE.V_14kshe8,,,,,,,,
,,,,Objects.VALVE.V_14zpe19,,,,,,,,
,,,,Objects.VALVE.V_2zpv12,,,,,,,,
,,,,Objects.VALVE.V_3kshe7,,,,,,,,
,,,,Objects.VALVE.V_3kshe8,,,,,,,,
,,,,Objects.VALVE.V_3kshe9,,,,,,,,
,,,,Objects.VALVE.V_22zpe8_eco,,,,,,,,
,,,,Objects.VALVE.V_22zpe10,,,,,,,,
,,,,Objects.VALVE.V_23zpe12,,,,,,,,
,,,,,,,,,,,,
,,,,Objects.VALVE.V_8kre1,,,,,,,,
,,,,Objects.VALVE.V_19kre1,,,,,,,,
